BH,Site_name,Study_midyear,YearsOfData,Latitude,Longitude,Elevation,Biome,Ecosystem_type,Ecosystem_state,Leaf_habit,RS_SRDB,RS_remote
1,Maoershan ERS-Oak,2004,1.5,45.37,127.53,300,Temperate,Forest,Natural,Deciduous,785,766.4584961
2,Maoershan ERS-Aspen,2004,1.5,45.37,127.53,300,Temperate,Forest,Natural,Deciduous,813,766.4584961
3,Maoershan ERS-DecidMix,2004,1.5,45.37,127.53,300,Temperate,Forest,Natural,Deciduous,786,766.4584961
4,Maoershan ERS-Hardwood,2004,1.5,45.37,127.53,300,Temperate,Forest,Natural,Deciduous,781,766.4584961
5,Maoershan ERS-Pine,2004,1.5,45.37,127.53,300,Temperate,Forest,Natural,Evergreen,514,766.4584961
6,Maoershan ERS-Larch,2004,1.5,45.37,127.53,300,Temperate,Forest,Natural,Deciduous,403,766.4584961
8,Fengqui State Key Agro-Ecological Experimental Station,2003,3,37,114.4,,Temperate,Crops,Managed,Deciduous,346,544.4634196
9,Fengqui State Key Agro-Ecological Experimental Station,2003,3,37,114.4,,Temperate,Crops,Managed,Deciduous,386,544.4634196
10,Fengqui State Key Agro-Ecological Experimental Station,2003,3,37,114.4,,Temperate,Crops,Managed,Deciduous,401,544.4634196
11,Fengqui State Key Agro-Ecological Experimental Station,2003,3,37,114.4,,Temperate,Crops,Managed,Deciduous,313,544.4634196
14,Changbai Mountain,2003,1,42.4,128.1,738,Temperate,Forest,Natural,Evergreen,1017,759.8187866
15,Dinghushan-BF,2001,1,23.17,112.54,,Tropical,Forest,Natural,Deciduous,1142,1042.736816
16,Dinghushan-MF,2001,1,23.17,112.54,,Tropical,Forest,Natural,Mixed,1026,1042.736816
17,Dinghushan-PF,2001,1,23.17,112.54,,Tropical,Forest,Natural,Evergreen,1040,1042.736816
29,Dinghushan Biosphere Reserve-rehab,2005,1,23.17,112.17,200,Tropical,Forest,Unmanaged,Evergreen,780,595.3398438
30,Dinghushan Biosphere Reserve-rehab,2005,1,23.17,112.17,200,Tropical,Forest,Unmanaged,Evergreen,622,595.3398438
31,Dinghushan Biosphere Reserve-rehab,2005,1,23.17,112.17,200,Tropical,Forest,Unmanaged,Evergreen,701,595.3398438
32,Dinghushan Biosphere Reserve-disturb,2005,1,23.17,112.17,125,Tropical,Forest,Unmanaged,Evergreen,578,595.3398438
33,Dinghushan Biosphere Reserve-disturb,2005,1,23.17,112.17,125,Tropical,Forest,Unmanaged,Evergreen,552,595.3398438
34,Dinghushan Biosphere Reserve-disturb,2005,1,23.17,112.17,125,Tropical,Forest,Unmanaged,Evergreen,534,595.3398438
55,Yanting Agro-ecological Station of Purple Soil,2005,2,31.27,105.47,500,Subtropical,Forest,Managed,Deciduous,602,559.97818
56,Yanting Agro-ecological Station of Purple Soil,2005,2,31.27,105.47,500,Subtropical,Grassland,Managed,Deciduous,480,559.97818
57,Yanting Agro-ecological Station of Purple Soil,2005,2,31.27,105.47,500,Subtropical,Crops,Managed,Deciduous,452,559.97818
75,Dinghushan Biosphere Reserve,2005,1,23.17,112.17,275,Tropical,Forest,Natural,Evergreen,604,595.3398438
76,Dinghushan Biosphere Reserve,2005,1,23.17,112.17,275,Tropical,Forest,Natural,Evergreen,631,595.3398438
77,Dinghushan Biosphere Reserve,2005,1,23.17,112.17,275,Tropical,Forest,Natural,Evergreen,552,595.3398438
78,Dinghushan Biosphere Reserve,2005,1,23.17,112.17,275,Tropical,Forest,Natural,Evergreen,508,595.3398438
79,Qianyanzhou Ecological Station,2004,1,26.73,115.07,,Subtropical,Forest,Managed,Evergreen,537,614.2648926
80,Qianyanzhou Ecological Station,2005,1,26.73,115.07,,Subtropical,Forest,Managed,Evergreen,632,594.1694946
93,Xinkou Experimental Forestry Centre-Xiaohu,2001,1,26.19,117.43,,Subtropical,Forest,Managed,Evergreen,476,569.9150391
96,Xinkou Experimental Forestry Centre-Xiaohu,2002,1,26.19,117.43,,Subtropical,Forest,Managed,Evergreen,509,523.9207153
98,Xinkou Experimental Forestry Centre-Xiaohu,2003,1,26.19,117.43,,Subtropical,Forest,Managed,Evergreen,843,676.8674316
99,Xinkou Experimental Forestry Centre-Xiaohu,2003,1,26.19,117.43,,Subtropical,Forest,Managed,Evergreen,399,676.8674316
110,Menglun Forest Reserve,2004,1,21.93,101.27,750,Tropical,Forest,Natural,Mixed,885,730.5682373
111,Changbai Mountains Forest Ecosystem Open Research Station,2002,1,42.4,128.47,,Temperate,Forest,Natural,Mixed,503,757.2008057
112,Dinghushan Mountain National Reserve,2003,2,23.17,112.53,,Subtropical,Forest,Natural,Evergreen,590,736.5041504
113,Dinghushan Mountain National Reserve,2003,2,23.17,112.53,,Subtropical,Forest,Natural,Evergreen,933,736.5041504
125,Xilin Gol Nature Reserve,2001,1,43.54,116.55,1130,Temperate,Grassland,Natural,Deciduous,152,256.7681885
126,Xilin Gol Nature Reserve,2002,1,43.54,116.55,1130,Temperate,Grassland,Natural,Deciduous,119,224.7020264
140,Lhasa Plateau Ecosystems Research Station,2001,1,29.78,91.34,3688,Temperate,Crops,Managed,Deciduous,557,533.5605469
141,Dinghushan Biosphere Reserve,2003,1,23.18,112.54,250,Subtropical,Forest,Natural,Evergreen,578,724.3192749
142,Dinghushan Biosphere Reserve,2003,1,23.18,112.54,260,Subtropical,Forest,Natural,Evergreen,1001,724.3192749
144,Dagou,2004,1,31.7,103.87,1987,Temperate,Forest,Managed,Evergreen,435,699.0324097
145,Dagou,2004,1,31.7,103.87,1987,Temperate,Forest,Natural,Deciduous,458,699.0324097
146,Yanting Agro-ecological Station of Purple Soil,2005,1,31.27,105.47,500,Subtropical,Forest,Managed,Evergreen,627,534.2821045
148,Dinghushan Nature Reserve,2003,2,23.17,112.53,550,Subtropical,Forest,Natural,Evergreen,600,736.5041504
149,Dinghushan Nature Reserve,2003,2,23.17,112.53,550,Subtropical,Forest,Natural,Evergreen,913,736.5041504
155,,2004,1.3,22.68,112.9,,Temperate,Forest,Natural,Evergreen,535,604.0367338
159,Changbai Mountain,2003,1,42.4,128.1,736,Temperate,Forest,Natural,Evergreen,1010,759.8187866
162,,2002,1,43.55,116.78,1225,Temperate,Grassland,Natural,Deciduous,409,302.6603088
163,,2002,1,44.09,115.91,923,Temperate,Grassland,Natural,Deciduous,111,176.9437103
164,,2003,1,43.55,116.78,1225,Temperate,Grassland,Natural,Deciduous,360,445.0093994
165,,2003,1,44.09,115.91,923,Temperate,Grassland,Natural,Deciduous,126,189.9210815
166,,2004,1,43.55,116.78,1225,Temperate,Grassland,Natural,Deciduous,356,418.7142029
167,,2004,1,44.09,115.91,923,Temperate,Grassland,Natural,Deciduous,149,146.6744843
187,Xishuangbanna,2003,1,21.95,101.2,,Tropical,Forest,Natural,Evergreen,720,1256.247559
188,Xishuangbanna,2003,1,21.93,101.25,,Tropical,Forest,Managed,Evergreen,764,839.7232056
196,Maoershan Forest Research Station,2004,1.3,45.38,127.53,,Temperate,Forest,Managed,Deciduous,908,764.0482178
197,Maoershan Forest Research Station,2004,1.3,45.38,127.53,,Temperate,Forest,Managed,Deciduous,946,764.0482178
198,Maoershan Forest Research Station,2004,1.3,45.38,127.53,,Temperate,Forest,Managed,Deciduous,681,764.0482178
203,Xilin River Basin,2001,1,44,116.25,1130,Temperate,Grassland,Natural,Deciduous,152,134.8930817
204,Xilin River Basin,2001,1,44,116.25,970,Temperate,Grassland,Natural,Deciduous,88,134.8930817
207,Xilin River Basin,2002,1,44,116.25,1130,Temperate,Grassland,Natural,Deciduous,119,209.8986511
215,,2004,1.5,30.03,114.37,,Temperate,Crops,Managed,Deciduous,308,584.6008911
222,Taoyuan Station of Agricultural Ecosystem Research,2003,1,28.92,111.45,,Subtropical,Crops,Managed,Deciduous,425,593.9933472
223,Taoyuan Station of Agricultural Ecosystem Research,2004,1,28.92,111.45,,Subtropical,Crops,Managed,Deciduous,616,550.9782715
224,Taoyuan Station of Agricultural Ecosystem Research,2005,1,28.92,111.45,,Subtropical,Crops,Managed,Deciduous,622,597.057251
227,Liupan Mountain,2001,1,35.5,106.33,1950,Temperate,Forest,Managed,,396,482.5732422
228,Liupan Mountain,2001,1,35.5,106.33,1950,Temperate,Forest,Natural,Deciduous,406,482.5732422
229,Liupan Mountain,2001,1,35.5,106.33,1950,Temperate,Forest,Natural,Deciduous,451,482.5732422
231,Liupan Mountain,2001,1,35.5,106.33,1950,Temperate,Grassland,Managed,Deciduous,508,482.5732422
232,Liupan Mountain,2001,1,35.5,106.33,1950,Temperate,Forest,Managed,Deciduous,431,482.5732422
233,Liupan Mountain,2001,1,35.5,106.33,1950,Temperate,Forest,Managed,Deciduous,411,482.5732422
234,Liupan Mountain,2001,1,35.5,106.33,1950,Temperate,Forest,Managed,Deciduous,555,482.5732422
245,Sangong-ND,2005,1,44,88,,Temperate,Desert,Unmanaged,Deciduous,191,190.38414
247,Yao Jingzi Grassland Nature Reserve,2002,1,44.75,123.75,160,Temperate,Grassland,Unmanaged,Deciduous,240,229.0469208
248,Maoershan Experimental Forest Farm,2001,1,45.333,127.5667,340,Temperate,Forest,Managed,Deciduous,842,814.6605835
249,Maoershan Experimental Forest Farm,2002,1,45.333,127.5667,340,Temperate,Forest,Managed,Deciduous,929,852.1275024
250,Maoershan Experimental Forest Farm,2003,1,45.333,127.5667,340,Temperate,Forest,Managed,Deciduous,874,822.5252075
251,Maoershan Experimental Forest Farm,2004,1,45.333,127.5667,340,Temperate,Forest,Managed,Deciduous,823,827.3093872
252,Maoershan Experimental Forest Farm,2005,1,45.333,127.5667,340,Temperate,Forest,Managed,Deciduous,868,772.1774292
253,Maoershan Experimental Forest Farm,2006,1,45.333,127.5667,340,Temperate,Forest,Managed,Deciduous,857,796.1599121
254,Maoershan Experimental Forest Farm,2001,1,45.333,127.5667,340,Temperate,Forest,Managed,Deciduous,592,814.6605835
255,Maoershan Experimental Forest Farm,2002,1,45.333,127.5667,340,Temperate,Forest,Managed,Deciduous,847,852.1275024
256,Maoershan Experimental Forest Farm,2003,1,45.333,127.5667,340,Temperate,Forest,Managed,Deciduous,821,822.5252075
257,Maoershan Experimental Forest Farm,2004,1,45.333,127.5667,340,Temperate,Forest,Managed,Deciduous,630,827.3093872
258,Maoershan Experimental Forest Farm,2005,1,45.333,127.5667,340,Temperate,Forest,Managed,Deciduous,768,772.1774292
259,Maoershan Experimental Forest Farm,2006,1,45.333,127.5667,340,Temperate,Forest,Managed,Deciduous,548,796.1599121
260,Dinghushan-MPF,2003,1,23.15,112.54,250,Subtropical,Forest,Natural,Evergreen,592,941.3514404
261,Dinghushan-MF,2003,1,23.15,112.54,260,Subtropical,Forest,Natural,Evergreen,1024,941.3514404
262,Dinghushan-MEBF,2003,1,23.15,112.54,260,Subtropical,Forest,Natural,Evergreen,1163,941.3514404
275,Qianyanzhou Ecological Station,2004,1,26.74203,115.05783,92,Subtropical,Forest,Managed,Evergreen,605,608.1238403
276,Qianyanzhou Ecological Station,2005,1,26.74203,115.05783,92,Subtropical,Forest,Managed,Evergreen,717,589.1949463
277,Qianyanzhou Ecological Station,2006,1,26.74203,115.05783,92,Subtropical,Forest,Managed,Evergreen,684,592.4138184
280,Huitong Ecosystem Research Station,2006,1,26.83333333,109.75,335,Subtropical,Forest,Managed,Evergreen,605,594.8793945
281,Huitong Ecosystem Research Station,2006,1,26.83333333,109.75,335,Subtropical,Forest,Managed,Evergreen,643,594.8793945
282,Huitong Ecosystem Research Station,2006,1,26.83333333,109.75,335,Subtropical,Forest,Managed,Evergreen,815,594.8793945
310,Ailao Mountains Nature Preserve,2004,1,24.53333333,101.0166667,2476,Subtropical,Forest,Natural,Evergreen,992,884.6661377
311,Ailao Mountains Nature Preserve,2004,1,24.53333333,101.0166667,2476,Subtropical,Forest,Natural,Evergreen,512,884.6661377
312,Ailao Mountains Nature Preserve,2004,1,24.53333333,101.0166667,2476,Subtropical,Forest,Natural,Evergreen,464,884.6661377
313,Ailao Mountains Nature Preserve,2004,1,24.53333333,101.0166667,2476,Subtropical,Forest,Natural,Evergreen,817,884.6661377
314,Ailao Mountains Nature Preserve,2004,1,24.53333333,101.0166667,2476,Subtropical,Forest,Natural,Evergreen,781,884.6661377
315,Ailao Mountains Nature Preserve,2004,1,24.53333333,101.0166667,2476,Subtropical,Forest,Natural,Evergreen,464,884.6661377
317,Ailao Mountains Nature Preserve,2004,1,24.53333333,101.0166667,2476,Subtropical,Forest,Natural,Evergreen,893,884.6661377
318,Ailao Mountains Nature Preserve,2005,1,24.53333333,101.0166667,2476,Subtropical,Forest,Natural,Evergreen,714,734.6026611
319,Ailao Mountains Nature Preserve,2005,1,24.53333333,101.0166667,2476,Subtropical,Forest,Natural,Evergreen,425,734.6026611
320,Ailao Mountains Nature Preserve,2005,1,24.53333333,101.0166667,2476,Subtropical,Forest,Natural,Evergreen,407,734.6026611
321,Ailao Mountains Nature Preserve,2005,1,24.53333333,101.0166667,2476,Subtropical,Forest,Natural,Evergreen,600,734.6026611
322,Ailao Mountains Nature Preserve,2005,1,24.53333333,101.0166667,2476,Subtropical,Forest,Natural,Evergreen,505,734.6026611
325,Ailao Mountains Nature Preserve,2005,1,24.53333333,101.0166667,2476,Subtropical,Forest,Natural,Evergreen,474,734.6026611
326,Ailao Mountains Nature Preserve,2006,1,24.53333333,101.0166667,2476,Subtropical,Forest,Natural,Evergreen,822,893.4356079
328,Ailao Mountains Nature Preserve,2006,1,24.53333333,101.0166667,2476,Subtropical,Forest,Natural,Evergreen,450,893.4356079
329,Ailao Mountains Nature Preserve,2006,1,24.53333333,101.0166667,2476,Subtropical,Forest,Natural,Evergreen,683,893.4356079
330,Ailao Mountains Nature Preserve,2006,1,24.53333333,101.0166667,2476,Subtropical,Forest,Natural,Evergreen,530,893.4356079
333,Ailao Mountains Nature Preserve,2006,1,24.53333333,101.0166667,2476,Subtropical,Forest,Natural,Evergreen,535,893.4356079
351,Dinghushan Biosphere Reserve,2005,1,23.16666667,112.55,,Tropical,Forest,Natural,Evergreen,620,872.0297241
363,Xishui Forest Farm,2004,2,38,99,2500,Boreal,Grassland,Managed,Mixed,638,486.9904175
364,Xishui Forest Farm,2004,2,38,99,2600,Boreal,Grassland,Managed,Mixed,582,486.9904175
365,Xishui Forest Farm,2004,2,38,99,2700,Boreal,Grassland,Managed,Mixed,574,486.9904175
366,Xishui Forest Farm,2004,2,38,99,2800,Boreal,Grassland,Managed,Mixed,539,486.9904175
367,Xishui Forest Farm,2004,2,38,99,2900,Boreal,Grassland,Managed,Mixed,514,486.9904175
368,Xishui Forest Farm,2004,2,38,99,3000,Boreal,Grassland,Managed,Mixed,468,486.9904175
390,Daxinganling,2004,3,50.93333333,121.5,810,Boreal,Forest,Natural,Evergreen,493,488.8014018
391,Changbaishan,2004,3,42.4,128.0833333,740,Temperate,Forest,Natural,Deciduous,548,721.4131063
392,Dinghushan,2004,3,23.16666667,112.5666667,300,Subtropical,Forest,Natural,Evergreen,965,801.1312052
393,Xishuangbanna,2004,3,21.93333333,101.2666667,720,Tropical,Forest,Natural,Evergreen,942,723.2974446
398,TSEB,2005,1,27.03333333,118.1333333,410,Subtropical,Forest,Managed,Evergreen,719,633.0750732
399,TSEB,2005,1,27.03333333,118.1333333,410,Subtropical,Crops,Managed,Deciduous,802,633.0750732
404,TSEB,2006,1,27.03333333,118.1333333,410,Subtropical,Forest,Managed,Evergreen,730,603.7603149
410,TSEB,2007,1,27.03333333,118.1333333,410,Subtropical,Forest,Managed,Evergreen,640,576.3264771
426,Xilin River Basin,2001,1,44,116,1125,Boreal,Grassland,Natural,Deciduous,95,119.7023621
427,Xilin River Basin,2001,1,44,116,1125,Boreal,Grassland,Natural,Deciduous,79,119.7023621
428,Xilin River Basin,2001,1,44,116,1125,Boreal,Grassland,Natural,Deciduous,77,119.7023621
429,Xilin River Basin,2001,1,44,116,1125,Boreal,Grassland,Natural,Deciduous,66,119.7023621
431,Xilin River Basin,2001,1,44,116,1125,Boreal,Grassland,Natural,Deciduous,91,119.7023621
466,Yizhou State Forestry Centre,2002,1,26.41666667,117.8333333,,Subtropical,Forest,Managed,Evergreen,510,604.5617676
468,Yizhou State Forestry Centre,2003,1,26.41666667,117.8333333,,Subtropical,Forest,Managed,Evergreen,386,630.9890747
470,Yizhou State Forestry Centre,2002,1,26.41666667,117.8333333,,Subtropical,Forest,Managed,Evergreen,510,604.5617676
472,Yizhou State Forestry Centre,2003,1,26.41666667,117.8333333,,Subtropical,Forest,Managed,Evergreen,386,630.9890747
474,Yizhou State Forestry Centre,2002,1,26.41666667,117.8333333,,Subtropical,Forest,Managed,Evergreen,510,604.5617676
476,Yizhou State Forestry Centre,2003,1,26.41666667,117.8333333,,Subtropical,Forest,Managed,Evergreen,386,630.9890747
478,Menglun Nature Reserve,2005,5,21.9275,101.2652778,750,Tropical,Forest,Natural,Mixed,886,789.1579346
479,Changbai Mountains Forest Ecosystem Research Station,2004,3,42.4,128.1,748,Temperate,Forest,Natural,Evergreen,935.4,714.3337402
481,Changbai Mountains Forest Ecosystem Research Station,2004,3,42.4,128.1,674,Temperate,Forest,Managed,Deciduous,830.7,714.3337402
482,Xilin River Basin,2005,1,43.5125,116.8272222,1343,Boreal,Grassland,Natural,Deciduous,299.24,370.341095
483,Xilin River Basin,2005,1,43.58888889,116.5541667,1130,Boreal,Grassland,Natural,Deciduous,226.99,270.7903442
484,Xilin River Basin,2005,1,44.08666667,115.9044444,970,Boreal,Grassland,Natural,Deciduous,131.55,188.3743744
485,Xilin River Basin,2006,1,43.5125,116.8272222,1343,Boreal,Grassland,Natural,Deciduous,240.44,418.3573608
486,Xilin River Basin,2006,1,43.58888889,116.5541667,1130,Boreal,Grassland,Natural,Deciduous,150.62,268.1404419
487,Xilin River Basin,2006,1,44.08666667,115.9044444,970,Boreal,Grassland,Natural,Deciduous,111.31,179.4356079
488,Xilin River Basin,2007,1,43.5125,116.8272222,1343,Boreal,Grassland,Natural,Deciduous,223.62,378.2324524
490,Xilin River Basin,2007,1,44.08666667,115.9044444,970,Boreal,Grassland,Natural,Deciduous,125.69,195.5185852
492,Changbai Mountain Natural Reserve,2003,1,42.4025,128.0958333,738,Temperate,Forest,Natural,Deciduous,593,767.7193604
493,Saihanba Forestry Center,2006,1.5,42.5,117.35,1400,Boreal,Forest,Managed,Evergreen,453,503.9673157
494,Saihanba Forestry Center,2006,1.5,42.5,117.35,1400,Boreal,Forest,Managed,Deciduous,436,503.9673157
495,Saihanba Forestry Center,2006,1.5,42.5,117.35,1400,Boreal,Forest,Natural,Deciduous,576,503.9673157
496,Saihanba Forestry Center,2006,1.5,42.5,117.35,1400,Boreal,Shrubland,Natural,Deciduous,621,503.9673157
497,Saihanba Forestry Center,2006,1.5,42.5,117.35,1400,Boreal,Shrubland,Natural,Deciduous,653,503.9673157
498,Saihanba Forestry Center,2006,1.5,42.5,117.35,1400,Boreal,Grassland,Natural,Deciduous,495,503.9673157
504,Jinzhou Agriculture Ecosystem Research Station,2005,3,41.14805556,121.2016667,23,Temperate,Crops,Managed,Deciduous,680,541.8850708
530,,2008,1,30.13333333,103,660,Subtropical,Forest,Managed,Evergreen,592,831.4880371
531,,2008,1,30.13333333,103,660,Subtropical,Forest,Managed,Evergreen,452,831.4880371
536,,2006,2,27.67,114.62,315,Subtropical,Forest,Managed,Evergreen,711,702.4636841
537,Chainbai Mountain-CK,2008,1,42,128,798,Temperate,Forest,Natural,Evergreen,631,464.9868469
539,Chainbai Mountain-S,2008,1,42,128,775,Temperate,Forest,Natural,Deciduous,553,464.9868469
541,Chainbai Mountain-L,2008,1,42,128,751,Temperate,Forest,Natural,,492,464.9868469
546,,2008,1,32.18333333,118.7,,Subtropical,Forest,Natural,Deciduous,746,666.5144653
547,,2008,1,32.18333333,118.7,,Subtropical,Forest,Natural,Deciduous,650,666.5144653
548,,2008,1,32.18333333,118.7,,Subtropical,Forest,Natural,Deciduous,684,666.5144653
549,,2008,1,32.18333333,118.7,,Subtropical,Forest,Natural,Deciduous,650,666.5144653
555,Heshan Hilly Land Interdisciplinary Experimental Station,2008,1,22.56666667,112.8333333,,Subtropical,Forest,Managed,Evergreen,594,579.7429199
556,Heshan Hilly Land Interdisciplinary Experimental Station,2008,1,22.56666667,112.8333333,,Subtropical,Forest,Managed,Evergreen,718,579.7429199
557,Heshan Hilly Land Interdisciplinary Experimental Station,2008,1,22.56666667,112.8333333,,Subtropical,Forest,Managed,Evergreen,557,579.7429199
558,Heshan Hilly Land Interdisciplinary Experimental Station,2008,1,22.56666667,112.8333333,,Subtropical,Forest,Managed,Evergreen,608,579.7429199
566,Yanting Agro-Ecological Station of Purple Soil,2007,1,31.26666667,105.4666667,500,Temperate,Forest,Natural,Evergreen,655,660.9575806
567,Baotianman Natural Reserve,2008,1.5,33.5,112,1450,Temperate,Forest,Natural,Deciduous,624,912.3830363
568,Baotianman Natural Reserve,2008,1.5,33.5,112,1450,Temperate,Forest,Natural,Deciduous,659,912.3830363
569,Baotianman Natural Reserve,2008,1.5,33.5,112,1450,Temperate,Forest,Natural,Deciduous,806,912.3830363
570,Baotianman Natural Reserve,2008,1.5,33.5,112,1450,Temperate,Forest,Natural,Deciduous,832,912.3830363
571,Baiinxile Pasture,2007,1.5,43.55277778,116.6747222,1265,Boreal,Grassland,Natural,Deciduous,194,257.7383118
572,Baiinxile Pasture,2007,1.5,43.55277778,116.6747222,1265,Boreal,Grassland,Natural,Deciduous,195,257.7383118
573,Baiinxile Pasture,2007,1.5,43.55277778,116.6747222,1265,Boreal,Grassland,Natural,Deciduous,157,257.7383118
575,,2008,2,30,103.6333333,600,Subtropical,Forest,Managed,Deciduous,585,498.8421326
576,,2008,2,30,103.6333333,600,Subtropical,Forest,Managed,Deciduous,648,498.8421326
577,,2008,2,30,103.6333333,600,Subtropical,Forest,Managed,Deciduous,684,498.8421326
579,Heshan Hilly Land Interdisciplinary Experimental Station,2007,1,22.56666667,112.8333333,,Subtropical,Forest,Managed,Evergreen,721,613.3677368
580,Heshan Hilly Land Interdisciplinary Experimental Station,2007,1,22.56666667,112.8333333,,Subtropical,Forest,Managed,Evergreen,608,613.3677368
595,,2008,2,22.57,112.83,,Subtropical,Forest,Managed,Evergreen,795,610.0255127
596,,2008,2,22.57,112.83,,Subtropical,Forest,Managed,Evergreen,605,610.0255127
597,,2008,2,22.57,112.83,,Subtropical,Forest,Managed,Evergreen,492,610.0255127
598,,2008,2,22.57,112.83,,Subtropical,Forest,Managed,Evergreen,530,610.0255127
600,,2008,2,22.57,112.83,,Subtropical,Forest,Managed,Evergreen,719,610.0255127
601,,2008,2,22.57,112.83,,Subtropical,Forest,Managed,Evergreen,757,610.0255127
602,,2008,2,22.57,112.83,,Subtropical,Forest,Managed,Evergreen,454,610.0255127
608,Jiufeng Mountain,2008,1,40.06666667,116.1,145,Temperate,Forest,Managed,Evergreen,642,792.0289307
611,,2004,1,26.74416667,115.0591667,102,Subtropical,Forest,Managed,Evergreen,705,609.7622681
612,,2005,1,26.74416667,115.0591667,102,Subtropical,Forest,Managed,Evergreen,720,588.2979126
613,,2006,1,26.74416667,115.0591667,102,Subtropical,Forest,Managed,Evergreen,785,596.5758667
614,,2007,1,26.74416667,115.0591667,102,Subtropical,Forest,Managed,Evergreen,725,616.8045044
615,,2008,1,26.74416667,115.0591667,102,Subtropical,Forest,Managed,Evergreen,745,617.1436768
616,,2009,1,26.74416667,115.0591667,102,Subtropical,Forest,Managed,Evergreen,730,599.0021973
626,Dagangshan Forest Station,2006,1,27.67,114.67,280,Subtropical,Forest,Managed,Evergreen,795,660.2441406
631,Dagangshan Forest Station,2007,1,27.67,114.67,280,Subtropical,Forest,Managed,Evergreen,673,662.3569336
635,Dagangshan Forest Station,2007,1,27.67,114.67,300,Subtropical,Forest,Managed,Evergreen,870,662.3569336
639,Dinghushan Forest Ecosystem Research Station-PF,2007,3,23.17,112.6,250,Subtropical,Forest,Unmanaged,Evergreen,961,736.344869
642,Dinghushan Forest Ecosystem Research Station-PF,2007,3,23.17,112.6,250,Subtropical,Forest,Unmanaged,Evergreen,833,736.344869
678,Baotianman Natural Reserve,2008,1,33.5,112,1400,Temperate,Forest,Natural,Deciduous,802,882.8743896
679,Baotianman Natural Reserve,2008,1,33.5,112,1400,Temperate,Forest,Unmanaged,Deciduous,761,882.8743896
683,Hailuogou Glacier,2009,1,30,102,,Temperate,Shrubland,Natural,Deciduous,560,803.3638306
684,Hailuogou Glacier,2009,1,30,102,,Temperate,Shrubland,Natural,Deciduous,770,803.3638306
685,Hailuogou Glacier,2009,1,30,102,,Temperate,Shrubland,Natural,Deciduous,1031,803.3638306
690,Mt. Gonglushan,2010,1,36.42333333,109.5255,1353,Temperate,Forest,Managed,Deciduous,1044,781.7279663
697,Qianyanzhou Ecological Station,2004,1,26.74416667,115.0591667,102,Subtropical,Forest,Managed,Evergreen,548,609.7622681
698,Qianyanzhou Ecological Station,2005,1,26.74416667,115.0591667,102,Subtropical,Forest,Managed,Evergreen,632,588.2979126
699,Qianyanzhou Ecological Station,2006,1,26.74416667,115.0591667,102,Subtropical,Forest,Managed,Evergreen,758,596.5758667
700,Qianyanzhou Ecological Station,2005,2,26.74416667,115.0591667,102,Subtropical,Forest,Managed,Evergreen,800,592.4368897
712,Tian’e Zhou wetland,2009,1,29.49,112.23,,Subtropical,Wetland,Natural,Evergreen,636,585.440918
713,Tian’e Zhou wetland,2009,1,29.49,112.23,,Subtropical,Wetland,Natural,Evergreen,532,585.440918
733,Hydraulic Technique Popularization Station,2009,3,31.2,121.12,,Temperate,Crops,Managed,Deciduous,742,584.9494425
761,National Field Research Station of Agro-Ecosystem,2010,1,47.43,128.63,240,Temperate,Grassland,Unmanaged,Deciduous,205.6,311.951355
763,National Field Research Station of Agro-Ecosystem,2010,1,47.43,128.63,240,Temperate,Crops,Managed,Deciduous,215.2,311.951355
764,National Field Research Station of Agro-Ecosystem,2010,1,47.43,128.63,240,Temperate,Crops,Managed,Deciduous,315.1,311.951355
765,National Field Research Station of Agro-Ecosystem,2010,1,47.43,128.63,240,Temperate,Crops,Managed,Deciduous,170.9,311.951355
766,Dinghushan Biosphere Reserve,2007,1,23.17,112.54,225,Subtropical,Forest,Unmanaged,Evergreen,848,792.9380493
767,Dinghushan Biosphere Reserve,2007,1,23.17,112.54,225,Subtropical,Forest,Unmanaged,Mixed,1082,792.9380493
768,Dinghushan Biosphere Reserve,2007,1,23.17,112.54,225,Subtropical,Forest,Natural,Evergreen,1094,792.9380493
769,Dinghushan Biosphere Reserve,2007,1,23.17,112.54,225,Subtropical,Forest,Unmanaged,Evergreen,416,792.9380493
770,Dinghushan Biosphere Reserve,2007,1,23.17,112.54,225,Subtropical,Forest,Unmanaged,Mixed,787,792.9380493
771,Dinghushan Biosphere Reserve,2007,1,23.17,112.54,225,Subtropical,Forest,Natural,Evergreen,810,792.9380493
772,Dinghushan Biosphere Reserve,2007,1,23.17,112.54,225,Subtropical,Forest,Unmanaged,Evergreen,999,792.9380493
778,Baotianman Natural Reserve,2009,1,33.5,111.9,1400,Temperate,Forest,Natural,Deciduous,802,969.3027344
779,Baotianman Natural Reserve,2009,1,33.5,111.9,1400,Temperate,Forest,Unmanaged,Deciduous,761,969.3027344
780,,2010,1,29.13333333,117.9166667,170,Subtropical,Forest,Natural,Mixed,508,666.3029785
781,,2010,1,29.13333333,117.9166667,170,Subtropical,Forest,Managed,Mixed,480,666.3029785
793,Jianfengling National Natural Reserve,2012,2,18.73,108.88,870,Tropical,Forest,Natural,,1673,1459.619995
794,Jianfengling National Natural Reserve,2012,2,18.73,108.87,880,Tropical,Forest,Unmanaged,,1510,1444.994629
797,Haibei Alpine Grassland Ecosystem Research Station,2009,1,37.5,101.2,3200,Temperate,Grassland,Natural,Deciduous,673,567.7024536
798,Haibei Alpine Grassland Ecosystem Research Station,2010,1,37.5,101.2,3200,Temperate,Grassland,Natural,Deciduous,696,567.3448486
799,Haibei Alpine Grassland Ecosystem Research Station,2011,1,37.5,101.2,3200,Temperate,Grassland,Natural,Deciduous,694,573.0266113
800,Haibei Alpine Grassland Ecosystem Research Station,2012,1,37.5,101.2,3200,Temperate,Grassland,Natural,Deciduous,721,563.8214111
802,Zigui National Forest Ecological Research Station,2011,1.5,30.8,111.3,950,Subtropical,Forest,Natural,Evergreen,734,581.1063436
803,Zigui National Forest Ecological Research Station,2011,1.5,30.8,111.3,350,Subtropical,Forest,Natural,Evergreen,757,581.1063436
806,Geshikao Nature Reserve,2011,1,26.18,117.47,315,Subtropical,Forest,Managed,,1118,829.8426514
808,Mt Gonglushan,2011,2,26.423,109.526,1353,Temperate,Forest,Natural,Deciduous,825,589.5357972
809,Mt Gonglushan,2011,2,26.423,109.526,1353,Temperate,Forest,Managed,Deciduous,660,589.5357972
810,Mt Gonglushan,2011,2,26.423,109.526,1353,Temperate,Shrubland,Natural,Deciduous,740,589.5357972
811,Mt Gonglushan,2011,2,26.423,109.526,1353,Temperate,Shrubland,Managed,Deciduous,575,589.5357972
819,,2012,1,34.25,105.85,1650,Temperate,Forest,Unmanaged,Deciduous,512.9,888.5691528
820,,2009,1,49.35,120.1,675,Temperate,Grassland,Natural,Deciduous,488.47,509.2085571
821,,2010,1,49.35,120.1,675,Temperate,Grassland,Natural,Deciduous,507.2,507.842041
822,,2010,1,29.5,103.6,,Temperate,Forest,Managed,Evergreen,427,579.8701172
824,Wanmulin Nature Reserve,2009,1,27.05,118.15,393,Temperate,Forest,Managed,Deciduous,577,601.9200439
826,Qianshao Farm-KB,2008,1,31.67,121.5,,Subtropical,Forest,Managed,Deciduous,658,641.1983032
830,Quzhoi Experimental Station,2010,1,36.87,115.02,40,Temperate,Crops,Managed,Deciduous,859,617.2727051
831,Quzhoi Experimental Station,2011,1,36.87,115.02,40,Temperate,Crops,Managed,Deciduous,788,613.2871094
832,Quzhoi Experimental Station,2012,1,36.87,115.02,40,Temperate,Crops,Managed,Deciduous,897,668.4545898
840,Quzhoi Experimental Station,2011,1,36.87,115.02,40,Temperate,Crops,Managed,Deciduous,739,613.2871094
844,Quzhoi Experimental Station,2012,1,36.87,115.02,40,Temperate,Crops,Managed,Deciduous,900,668.4545898
845,Changwu Station,2008,1,35.2,104.67,1200,Temperate,Grassland,Managed,Deciduous,293,271.3063049
846,Changwu Station,2009,1,35.2,104.67,1200,Temperate,Grassland,Managed,Deciduous,298,285.9765625
847,Changwu Station,2010,1,35.2,104.67,1200,Temperate,Grassland,Managed,Deciduous,238,241.3328247
848,Changwu Station,2011,1,35.2,104.67,1200,Temperate,Grassland,Managed,Deciduous,234,227.9837341
849,Changwu Station,2012,1,35.2,104.67,1200,Temperate,Grassland,Managed,Deciduous,226,271.0204163
850,Changwu Station,2013,1,35.2,104.67,1200,Temperate,Grassland,Managed,Deciduous,240,329.1061707
914,Dinghushan Forest Ecosystem Research Station,2011,1,23.167,112.525,,Subtropical,Forest,Natural,Evergreen,1066,775.3706055
916,Dinghushan Forest Ecosystem Research Station,2011,1,23.167,112.525,,Subtropical,Forest,Natural,Evergreen,1009,775.3706055
918,Dinghushan Forest Ecosystem Research Station,2011,1,23.167,112.525,,Subtropical,Forest,Natural,Evergreen,1017,775.3706055
920,Dinghushan Forest Ecosystem Research Station,2011,1,23.167,112.525,,Subtropical,Forest,Natural,Evergreen,1042,775.3706055
921,Dinghushan Forest Ecosystem Research Station,2010,1,23.167,112.525,,Subtropical,Forest,Natural,Evergreen,1047,755.9386597
922,Dinghushan Forest Ecosystem Research Station,2011,1,23.167,112.525,,Subtropical,Forest,Natural,Evergreen,900,775.3706055
923,Dinghushan Forest Ecosystem Research Station,2010,1,23.167,112.525,,Subtropical,Forest,Natural,Evergreen,1045,755.9386597
924,Dinghushan Forest Ecosystem Research Station,2011,1,23.167,112.525,,Subtropical,Forest,Natural,Evergreen,922,775.3706055
933,Maoershan Forest Ecosystem Research Station,2011,1,45.4,127.67,400,Temperate,Forest,Unmanaged,Evergreen,587.8,844.4484863
934,Laoshan Experimental Station,2005,3,45.34583333,127.5780556,,Temperate,Forest,Unmanaged,Deciduous,561.6,787.5685018
935,Laoshan Experimental Station,2005,3,45.34583333,127.5780556,,Temperate,Forest,Managed,Deciduous,561.6,787.5685018
936,Laoshan Experimental Station,2006,3,45.34583333,127.5780556,,Temperate,Forest,Unmanaged,Deciduous,538.8,759.8080037
937,Laoshan Experimental Station,2006,3,45.34583333,127.5780556,,Temperate,Forest,Managed,Deciduous,535.2,759.8080037
938,Laoshan Experimental Station,2007,3,45.34583333,127.5780556,,Temperate,Forest,Unmanaged,Deciduous,537.6,739.2511597
939,Laoshan Experimental Station,2007,3,45.34583333,127.5780556,,Temperate,Forest,Managed,Deciduous,537.6,739.2511597
940,Huitong National Research Station of Forest Ecosystem,2011,1,26.8,109.6,,Subtropical,Forest,Unmanaged,Evergreen,511,660.4182739
941,Huitong National Research Station of Forest Ecosystem,2011,1,26.8,109.6,,Subtropical,Forest,Unmanaged,Evergreen,679,660.4182739
942,Huitong National Research Station of Forest Ecosystem,2011,1,26.8,109.6,,Subtropical,Forest,Unmanaged,Evergreen,395,660.4182739
943,Huitong National Research Station of Forest Ecosystem,2011,1,26.8,109.6,,Subtropical,Forest,Unmanaged,Evergreen,407,660.4182739
944,Huitong National Research Station of Forest Ecosystem,2011,1,26.8,109.6,,Subtropical,Forest,Unmanaged,Evergreen,338,660.4182739
945,Saihanba Forestry Center,2008,2,42.5,117.35,1400,Temperate,Grassland,Unmanaged,Deciduous,450.4,505.2834626
946,Saihanba Forestry Center,2008,2,42.5,117.35,1400,Temperate,Shrubland,Unmanaged,Deciduous,479.5,505.2834626
947,Saihanba Forestry Center,2008,2,42.5,117.35,1400,Temperate,Forest,Managed,Evergreen,464.8,505.2834626
948,Saihanba Forestry Center,2008,2,42.5,117.35,1400,Temperate,Forest,Managed,Deciduous,513.7,505.2834626
949,Saihanba Forestry Center,2008,2,42.5,117.35,1400,Temperate,Forest,Unmanaged,Deciduous,548.9,505.2834626
950,Dinghushan Biosphere Reserve,2003,1,23.2,112.51,,Subtropical,Forest,Natural,Evergreen,694,529.4157104
951,Dinghushan Biosphere Reserve,2004,1,23.2,112.51,,Subtropical,Forest,Natural,Evergreen,682,557.4786987
952,Dinghushan Biosphere Reserve,2005,1,23.2,112.51,,Subtropical,Forest,Natural,Evergreen,680,617.7661743
954,Dinghushan Biosphere Reserve,2007,1,23.2,112.51,,Subtropical,Forest,Natural,Evergreen,732,547.7454224
956,Dinghushan Biosphere Reserve,2009,1,23.2,112.51,,Subtropical,Forest,Natural,Evergreen,728,550.4388428
975,Fenghuo Mountain,2013,1,34.7,92.9,4700,Boreal,Grassland,Natural,Deciduous,246,461.4854736
976,Fenghuo Mountain,2013,1,34.7,92.9,4700,Boreal,Grassland,Natural,Deciduous,371,461.4854736
978,,2012,2.5,21.92,101.27,568,Tropical,Forest,Natural,Evergreen,693,630.604773
979,,2012,2.5,21.92,101.27,568,Tropical,Forest,Natural,Evergreen,855,630.604773
991,West China Subalpine Botanical Garden,2010,1,30.73,103.45,,Subtropical,Forest,Natural,Evergreen,1083.47,818.1716309
993,Dinghushan Biosphere Reserve-BF,2012,2.5,23.17,112.525,,Tropical,Forest,Natural,Evergreen,783,908.3177856
994,Dinghushan Biosphere Reserve-MF,2012,2.5,23.17,112.525,,Tropical,Forest,Natural,Evergreen,1044,908.3177856
996,Dinghushan Biosphere Reserve-BF,2012,2.5,23.17,112.525,,Tropical,Forest,Natural,Evergreen,874,908.3177856
997,Dinghushan Biosphere Reserve-MF,2012,2.5,23.17,112.525,,Tropical,Forest,Natural,Evergreen,1237,908.3177856
999,Dinghushan Biosphere Reserve-BF,2012,2.5,23.17,112.525,,Tropical,Forest,Natural,Evergreen,842,908.3177856
1002,Dinghushan Biosphere Reserve-BF,2012,2.5,23.17,112.525,,Tropical,Forest,Natural,Evergreen,915,908.3177856
1003,Dinghushan Biosphere Reserve-MF,2012,2.5,23.17,112.525,,Tropical,Forest,Natural,Evergreen,1237,908.3177856
1008,Dinghushan Biosphere Reserve-MF,2012,2.5,23.17,112.525,,Tropical,Forest,Natural,Evergreen,874,908.3177856
1009,Dinghushan Biosphere Reserve-MF,2012,2.5,23.17,112.525,,Tropical,Forest,Natural,Evergreen,1237,908.3177856
1011,Dinghushan Biosphere Reserve-MF,2012,2.5,23.17,112.525,,Tropical,Forest,Natural,Evergreen,842,908.3177856
1017,Mt. Dongling,2014,3,39.95166667,115.4275,1350,Tropical,Forest,Managed,Deciduous,574,759.0419108
1018,Mt. Dongling,2014,3,39.95722222,115.4247222,1150,Tropical,Forest,Managed,Deciduous,455,776.6029256
1021,Jiulong River Estuary Mangrove Reserve,2013,1,24.38,117.9,,Subtropical,Forest,Unmanaged,Evergreen,286,457.1272278
1025,Miyaluo Experimental Forest,2008,1,31.78,102.7,3207,Temperate,Forest,Unmanaged,Evergreen,792,601.3821411
1049,,2011,1,34.82,92.93,4635,Temperate,Grassland,Unmanaged,Deciduous,305,469.2613525
1050,,2012,1,34.82,92.93,4635,Temperate,Grassland,Unmanaged,Deciduous,376,470.6405945
1051,,2011,1,34.82,92.93,4635,Temperate,Grassland,Unmanaged,Deciduous,543,469.2613525
1052,,2012,1,34.82,92.93,4635,Temperate,Grassland,Unmanaged,Deciduous,580,470.6405945
1053,Wangdonggou,2011,1,35.22,107.67,1095,Temperate,Forest,Unmanaged,Deciduous,635,572.605896
1054,Wangdonggou,2011,1,35.22,107.67,1095,Temperate,Grassland,Unmanaged,Deciduous,542,572.605896
1055,Wangdonggou,2011,1,35.22,107.67,1095,Temperate,Forest,Managed,Deciduous,539,572.605896
1056,Wangdonggou,2011,1,35.22,107.67,1095,Temperate,Crops,Managed,Deciduous,469,572.605896
1057,Wangdonggou,2012,1,35.22,107.67,1095,Temperate,Forest,Unmanaged,Deciduous,745,601.8235474
1058,Wangdonggou,2012,1,35.22,107.67,1095,Temperate,Grassland,Unmanaged,Deciduous,602,601.8235474
1059,Wangdonggou,2012,1,35.22,107.67,1095,Temperate,Forest,Managed,Deciduous,541,601.8235474
1060,Wangdonggou,2012,1,35.22,107.67,1095,Temperate,Crops,Managed,Deciduous,577,601.8235474
1062,Wangdonggou,2013,1,35.22,107.67,1095,Temperate,Grassland,Unmanaged,Deciduous,605,630.6160889
1063,Wangdonggou,2013,1,35.22,107.67,1095,Temperate,Forest,Managed,Deciduous,554,630.6160889
1064,Wangdonggou,2013,1,35.22,107.67,1095,Temperate,Crops,Managed,Deciduous,651,630.6160889
1065,Maoxian Mountain Ecosystem Research Station,2010,3,31.62,103.9,,Temperate,Forest,Managed,Evergreen,450,643.5755208
1066,Maoxian Mountain Ecosystem Research Station,2010,3,31.62,103.9,,Temperate,Forest,Managed,Evergreen,454,643.5755208
1067,Maoxian Mountain Ecosystem Research Station,2010,3,31.62,103.9,,Temperate,Forest,Managed,Evergreen,439,643.5755208
1127,Hilly Ecology Experimentation Station,2013,1,37.88333333,114.2666667,350,Temperate,Forest,Managed,Deciduous,685,1090.927734
1129,Hilly Ecology Experimentation Station,2013,1,37.88333333,114.2666667,350,Temperate,Grassland,Natural,Deciduous,704,1090.927734
1165,Liujiang,2010,1,29.7,103.2333333,600,Subtropical,Forest,Managed,Deciduous,427.63,656.4602661
1166,Liujiang,2010,1,29.7,103.2333333,600,Subtropical,Forest,Managed,Deciduous,537.37,656.4602661
1167,Liujiang,2010,1,29.7,103.2333333,600,Subtropical,Forest,Managed,Deciduous,544.94,656.4602661
1168,Liujiang,2010,1,29.7,103.2333333,600,Subtropical,Forest,Managed,Deciduous,647.12,656.4602661
1189,Tianmu Mountain,2007,1,30.31666667,119.4416667,1506,Subtropical,Forest,Managed,Evergreen,761.1,634.4850464
1222,Experimental Center of Tropical Forestry,2009,1,22.16666667,106.8333333,,Subtropical,Forest,Managed,Evergreen,377,642.3989258
1223,Experimental Center of Tropical Forestry,2009,1,22.16666667,106.8333333,,Subtropical,Forest,Managed,Mixed,456,642.3989258
1224,Experimental Center of Tropical Forestry,2009,1,22.16666667,106.8333333,,Subtropical,Forest,Managed,Deciduous,622,642.3989258
1225,Huitong Natural Research Station of Forest Ecosystem,2006,1,27,110,,Subtropical,Forest,Managed,Evergreen,439,597.0306396
1226,Huitong Natural Research Station of Forest Ecosystem,2006,1,27,110,,Subtropical,Forest,Managed,Evergreen,341,597.0306396
1251,Forest Ecosystem Open Research Station of Changbai Mountains,2004,1,42.4,128.4666667,738,Temperate,Forest,Natural,Mixed,737.94,751.7748413
1258,,2011,1.5,35.23333333,107.6833333,280,Temperate,Grassland,Unmanaged,Deciduous,632,578.6881714
1259,,2011,1.5,35.23333333,107.6833333,280,Temperate,Crops,Managed,Deciduous,511,578.6881714
1260,Tianlong Mountain Natural Reserve,2006,3,37.73333333,112.3666667,1443,Temperate,Forest,Unmanaged,Evergreen,962.5,821.4554647
1261,Tianlong Mountain Natural Reserve,2006,3,37.73333333,112.3666667,1443,Temperate,Forest,Unmanaged,Evergreen,1027.5,821.4554647
1266,Bingla Mountain Forest Ecological Station,2010,1,42.5,125,,Temperate,Forest,Managed,Deciduous,617,729.0877686
1267,Bingla Mountain Forest Ecological Station,2011,1,42.5,125,,Temperate,Forest,Managed,Deciduous,521,690.440979
1268,,2011,1,30.41666667,120.4333333,200,Subtropical,Forest,Unmanaged,Deciduous,755,566.3345337
1279,Shankou Township,2011,1,30.23333333,119.7,,Subtropical,Forest,Managed,Deciduous,946,704.9138794
1296,Tianmu Mountain,2011,1,30.2,119.23,,Temperate,Forest,,Evergreen,571,620.5153198
1297,Tianmu Mountain,2011,1,30.2,119.23,,Temperate,Forest,,Evergreen,537,620.5153198
1298,Tianmu Mountain,2011,1,30.2,119.23,,Temperate,Forest,,Evergreen,677,620.5153198
1300,Xiayang forest farm,2012,1.5,26.8,117.9666667,,Subtropical,Forest,Managed,Evergreen,768,625.2938843
1324,Xiayang forest farm,2012,1,26.8,117.9666667,,Subtropical,Forest,Managed,Evergreen,721,639.086853
1327,Yangjuangou,2008,1,36.7,109.5166667,1137.5,Temperate,Forest,Unmanaged,Deciduous,481,648.9337769
1328,Yangjuangou,2008,1,36.7,109.5166667,1137.5,Temperate,Grassland,Unmanaged,Deciduous,526,648.9337769
1329,,2013,1,30.23333333,119.7,175,Subtropical,Forest,Managed,Deciduous,478,679.0685425
1330,,2013,1,30.23333333,119.7,175,Subtropical,Forest,Managed,Deciduous,645,679.0685425
1331,,2013,1,30.23333333,119.7,175,Subtropical,Forest,Managed,Deciduous,516,679.0685425
1332,Heshan,2009,2,22.56666667,112.8333333,,Subtropical,Crops,Managed,Evergreen,380,656.3279724
1333,Heshan,2009,2,22.56666667,112.8333333,,Subtropical,Crops,Managed,Evergreen,455,656.3279724
1334,Heshan,2009,2,22.56666667,112.8333333,,Subtropical,Crops,Managed,Evergreen,856,656.3279724
1335,Heshan,2009,2,22.56666667,112.8333333,,Subtropical,Crops,Managed,Evergreen,670,656.3279724
1366,Mt. Gonglushan,2013,4,36.39,109.5255,1395,Subtropical,Forest,Unmanaged,Deciduous,979,868.7154236
1367,Mt. Gonglushan,2013,4,36.39,109.5255,1320,Subtropical,Forest,Unmanaged,Deciduous,956,868.7154236
1368,Mt. Gonglushan,2013,4,36.39,109.5255,1245,Subtropical,Forest,Unmanaged,Deciduous,1027,868.7154236
1406,,2010,1,42.18,116.8,1324,Temperate,Grassland,Natural,Evergreen,605,485.4225159
1408,,2010,1,42.18,116.8,1324,Temperate,Grassland,Natural,Evergreen,643,485.4225159
1414,,2012,1,42.18,116.8,1324,Temperate,Grassland,Natural,Evergreen,473,338.6755981
1416,,2012,1,42.18,116.8,1324,Temperate,Grassland,Natural,Evergreen,397,338.6755981
1417,,2012,1,42.18,116.8,1324,Temperate,Grassland,Natural,Evergreen,416,338.6755981
1422,Huitong National Research Station of Forest Ecosystem,2013,4,26.67,109.43,450,Subtropical,Forest,Managed,Evergreen,476,611.0362244
1423,Huitong National Research Station of Forest Ecosystem,2013,4,26.67,109.43,450,Subtropical,Forest,Managed,Evergreen,365,611.0362244
1424,Huitong National Research Station of Forest Ecosystem,2013,4,26.67,109.43,450,Subtropical,Forest,Managed,Evergreen,357,611.0362244
1444,Baotianman,2005,1,33.47,111.92,1350,Temperate,Forest,Natural,Deciduous,1105.15,887.2086182
1445,Baotianman,2005,1,33.47,111.92,1290,Temperate,Forest,Natural,Deciduous,779.12,887.2086182
1446,Baotianman,2005,1,33.47,111.92,1270,Temperate,Forest,Natural,Deciduous,821.23,887.2086182
1447,Baotianman,2005,1,33.47,111.92,1290,Temperate,Forest,Natural,Deciduous,912.19,887.2086182
1448,Baotianman,2005,1,33.47,111.92,1300,Temperate,Forest,Natural,Deciduous,899.5,887.2086182
1449,Dagangshan,2005,2,27.67,114.62,,Subtropical,Forest,Managed,Evergreen,980,721.7956849
1454,Kaiyang,2008,1,26.97,107.12,1250,Subtropical,Forest,Unmanaged,Deciduous,844.29,987.4731445
1455,Kaiyang,2008,1,27.05,106.98,1250,Subtropical,Forest,Unmanaged,Evergreen,779.95,1009.075073
1456,Kaiyang,2008,1,26.88,106.85,1225,Subtropical,Forest,Unmanaged,Evergreen,949.87,828.6523438
1457,Ainaoshang,2004,1,24.53,101.02,2476,,Forest,Natural,Evergreen,1018.35,902.0338135
1458,Changwu station,2008,1,35.2,107.67,1200,Temperate,Crops,Managed,,332.15,579.1287842
1480,Handan,2004,1,36.87,115.02,40,Temperate,Crops,Managed,Deciduous,675.25,621.0432129
1481,Handan,2004,1,36.87,115.02,40,Temperate,Crops,Managed,Deciduous,454.43,621.0432129
1499,Shennongjia,2009,2,31.35,110.52,780,Subtropical,Forest,Natural,Evergreen,615.71,801.5710449
1500,Shennongjia,2009,2,31.32,110.48,1670,Subtropical,Forest,Natural,Mixed,677.28,785.578125
1501,Shennongjia,2009,2,31.3,110.52,1970,Subtropical,Forest,Natural,Deciduous,657.72,777.8960876
1502,Shennongjia,2009,2,31.47,110.3,2570,Subtropical,Forest,Natural,Evergreen,512.78,806.0444031
1507,Xilin river,2002,3,43.54,116.67,,Temperate,Grassland,Managed,Deciduous,227.18,449.541097
1508,Xilin river,2002,3,43.54,116.67,,Temperate,Grassland,Managed,Deciduous,358.41,449.541097
1509,Xilin river,2002,3,43.54,116.67,,Temperate,Grassland,Managed,Deciduous,437.32,449.541097
1510,Xishuangbanna,2003,1,21.93,101.27,720,Tropical,Forest,Natural,Evergreen,949.09,803.803772
1513,Muchuan county,2006,1,28.77,103.8,1300,Subtropical,Forest,Natural,Evergreen,831,738.8058472
1515,Nanjing Forestry University,2004,3,31.98,119.23,170,Temperate,Forest,Managed,Deciduous,598.6,662.0907796
1516,Nanjing Forestry University,2004,3,31.98,119.23,120,Temperate,Forest,Managed,Evergreen,547.5,662.0907796
1520,Yanting,2005,1,31.27,105.45,,Subtropical,Forest,Managed,Evergreen,652.65,534.5395508
1521,Yanting,2005,1,31.27,105.45,,Subtropical,Forest,Managed,Evergreen,529.95,534.5395508
1522,Yanting,2004,1,31.27,105.45,,Subtropical,Forest,Managed,Evergreen,522.1,553.0205078
1523,Yanting,2004,1,31.27,105.45,,Subtropical,Grassland,Managed,Deciduous,472.4,553.0205078
1524,Yanting,2004,1,31.27,105.45,,Subtropical,Crops,Managed,Deciduous,347.7,553.0205078
1525,Huitong,2002,1.5,26.8,109.5,350,Subtropical,Forest,Managed,Evergreen,515.48,447.6454163
1526,Huitong,2002,1.5,26.8,109.5,350,Subtropical,Forest,Managed,Evergreen,286.82,447.6454163
1531,Yaan,2008,1,29.97,102.98,580,Subtropical,Forest,Managed,Deciduous,400.77,735.1525269
1532,Yaan,2008,1,29.97,102.98,580,Subtropical,Forest,Managed,Deciduous,510.27,735.1525269
1542,Yulin,2009,1,38.77,110.37,1183,Temperate,Grassland,Unmanaged,Deciduous,378.43,290.7039185
1543,Yulin,2009,1,38.77,110.37,1183,Temperate,Grassland,Unmanaged,Deciduous,367.08,290.7039185
1546,"Taiyuan, tianlongshan",2007,1,37.73,112.42,1443,Temperate,Forest,Natural,Evergreen,1080.36,923.2767944
1547,"Taiyuan, tianlongshan",2008,1,37.73,112.42,1443,Temperate,Forest,Natural,Evergreen,983.3,1076.171509
1549,"Taiyuan, tianlongshan",2007,1,37.73,112.42,1443,Temperate,Grassland,Natural,Deciduous,1040.93,923.2767944
1550,"Taiyuan, tianlongshan",2008,1,37.73,112.42,1443,Temperate,Grassland,Natural,Deciduous,1218.25,1076.171509
1552,"Taiyuan, tianlongshan",2007,1,37.73,112.42,1442,Temperate,Shrubland,Natural,Evergreen,1269.95,923.2767944
1553,"Taiyuan, tianlongshan",2008,1,37.73,112.42,1442,Temperate,Shrubland,Natural,Evergreen,1305.05,1076.171509
1565,Dinghuashan,2001,1,23.13,112.58,220,Subtropical,Forest,Natural,Evergreen,1040.21,798.6677246
1566,Dinghuashan,2001,1,23.13,112.58,75,Subtropical,Forest,Natural,Evergreen,1026.11,798.6677246
1567,Anyang,2002,1,36.5,114.2,,Temperate,Crops,Managed,Deciduous,264.66,527.1907959
1571,Binglishan,2008,1,42.5,125,,Temperate,Forest,Natural,Mixed,433.08,665.2471313
1574,Hengtai county,2004,1,36.98,117.98,,Temperate,Crops,Managed,Deciduous,565.07,675.0692749
1575,Hengtai county,2004,1,36.98,117.98,,Temperate,Crops,Managed,Deciduous,619.17,675.0692749
1576,Hengtai county,2004,1,36.98,117.98,,Temperate,Crops,Managed,Deciduous,625.5,675.0692749
1577,Hengtai county,2004,1,36.98,117.98,,Temperate,Crops,Managed,Deciduous,662.15,675.0692749
1578,Hengtai county,2004,1,36.98,117.98,,Temperate,Crops,Managed,Deciduous,679.56,675.0692749
1579,Hengtai county,2004,1,36.98,117.98,,Temperate,Crops,Managed,Deciduous,706,675.0692749
1580,Keerqin,2005,1,42.93,120.72,350,Temperate,Desert,Managed,Deciduous,340.1,384.2198792
1581,Keerqin,2005,1,42.93,120.72,350,Temperate,Desert,Managed,Deciduous,330.4,384.2198792
1582,Keerqin,2005,1,42.93,120.72,350,Temperate,Desert,Managed,Deciduous,269.6,384.2198792
1583,Keerqin,2005,1,42.93,120.72,350,Temperate,Desert,Managed,Deciduous,230.8,384.2198792
1584,Keerqin,2005,1,42.93,120.72,350,Temperate,Desert,Managed,Deciduous,225.9,384.2198792
1592,Yangdongshan,2009,1,25.28,113.43,,Subtropical,Forest,Natural,Evergreen,1083,802.3944092
1595,Tiantongshan,2009,1,29.8,121.8,,Subtropical,Forest,Natural,Evergreen,1077,807.4866943
1614,Changwu County,2011,3,35.2,107.67,1220,Temperate,Crops,Managed,Deciduous,616.85,599.363973
1616,Changwu County,2011,3,35.2,107.67,1220,Temperate,Crops,Managed,Deciduous,836.34,599.363973
1625,Tian e zhou wetland,2009,2,29.49,112.23,,Subtropical,Wetland,Managed,Deciduous,572.28,587.3325501
1626,Tian e zhou wetland,2009,2,29.49,112.23,,Subtropical,Wetland,Managed,Deciduous,572.28,587.3325501
1627,Luanchen,2011,4,37.88,114.68,50,Temperate,Crops,Managed,Deciduous,397.85,623.3421173
1631,Liujiang,2010,1,29.7,103.23,600,Subtropical,Forest,Managed,Evergreen,428,669.8696289
1632,Liujiang,2010,1,29.7,103.23,600,Subtropical,Forest,Managed,Evergreen,537.54,669.8696289
1633,Liujiang,2010,1,29.7,103.23,600,Subtropical,Forest,Managed,Evergreen,545.12,669.8696289
1634,Liujiang,2010,1,29.7,103.23,600,Subtropical,Forest,Managed,Evergreen,647.32,669.8696289
1641,Maoxian mountain,2010,5,31.62,103.92,,Boreal,Forest,Managed,Evergreen,434.35,661.342041
1642,Maoxian mountain,2010,5,31.62,103.92,,Boreal,Forest,Managed,Evergreen,438,661.342041
1643,Maoxian mountain,2010,5,31.62,103.92,,Boreal,Forest,Managed,Evergreen,423.4,661.342041
1644,Wangdonggou,2011,1,35.22,107.67,1095,Temperate,Forest,Managed,Deciduous,635,572.605896
1645,Wangdonggou,2011,1,35.22,107.67,1095,Temperate,Grassland,Managed,Deciduous,542,572.605896
1646,Wangdonggou,2011,1,35.22,107.67,1095,Temperate,Forest,Managed,Deciduous,539,572.605896
1647,Wangdonggou,2011,1,35.22,107.67,1095,Temperate,Crops,Managed,Deciduous,469,572.605896
1648,Wangdonggou,2012,1,35.22,107.67,1095,Temperate,Forest,Managed,Deciduous,745,601.8235474
1649,Wangdonggou,2012,1,35.22,107.67,1095,Temperate,Grassland,Managed,Deciduous,602,601.8235474
1650,Wangdonggou,2012,1,35.22,107.67,1095,Temperate,Forest,Managed,Deciduous,541,601.8235474
1651,Wangdonggou,2012,1,35.22,107.67,1095,Temperate,Crops,Managed,Deciduous,577,601.8235474
1653,Wangdonggou,2013,1,35.22,107.67,1095,Temperate,Grassland,Managed,Deciduous,605,630.6160889
1654,Wangdonggou,2013,1,35.22,107.67,1095,Temperate,Forest,Managed,Deciduous,554,630.6160889
1655,Wangdonggou,2013,1,35.22,107.67,1095,Temperate,Crops,Managed,Deciduous,651,630.6160889
1671,Yanan,2010,2,36.42,109.53,1353,Temperate,Forest,Managed,Deciduous,889.32,760.0184021
1672,Yanan,2010,2,36.42,109.53,1353,Temperate,Shrubland,Managed,Deciduous,1006.64,760.0184021
1673,Yanan,2010,2,36.42,109.53,1353,Temperate,Bare,Managed,Deciduous,768.22,760.0184021
1687,Taihang Mount,2012,1,37.88,114.27,350,Temperate,Forest,Natural,Deciduous,684.97,1007.57019
1689,Taihang Mount,2012,1,37.88,114.27,350,Temperate,Forest,Natural,Deciduous,703.89,1007.57019
1690,Saihanba park,2011,3,42.41,117.25,1505,Temperate,Forest,Managed,Deciduous,464.27,542.9168701
1691,Saihanba park,2011,3,42.41,117.25,1505,Temperate,Forest,Managed,Deciduous,445.9,542.9168701
1692,Saihanba park,2011,3,42.41,117.25,1505,Temperate,Forest,Managed,Deciduous,426.22,542.9168701
1696,Hulunber,2009,1,49.32,120.05,628,Temperate,Grassland,Natural,Deciduous,465,467.0224915
1697,Hulunber,2010,1,49.32,120.05,628,Temperate,Grassland,Natural,Deciduous,539.2,490.0841675
1698,Hulunber,2011,1,49.32,120.05,628,Temperate,Grassland,Natural,Deciduous,553.2,541.0845337
1709,Changwu County,2008,1,35.2,107.67,1200,Temperate,Crops,Managed,Deciduous,423.85,579.1287842
1744,Heshan National Field Research Station,2011,1,22.567,112.833,,Subtropical,Forest,Managed,Evergreen,662.256,750.8963013
1745,Heshan National Field Research Station,2011,1,22.567,112.833,,Subtropical,Forest,Managed,Evergreen,1021.7664,750.8963013
1746,Heshan National Field Research Station,2011,1,22.567,112.833,,Subtropical,Forest,Managed,Evergreen,832.5504,750.8963013
1764,Saihanba National Forest Park,2011,3,42.412,117.2474,1505,Boreal,Forest,Managed,Mixed,427,544.6546631
1765,Saihanba National Forest Park,2011,3,42.412,117.2474,1505,Boreal,Forest,Managed,Mixed,448,544.6546631
1766,Saihanba National Forest Park,2011,3,42.412,117.2474,1505,Boreal,Forest,Managed,Mixed,468,544.6546631
1774,Wangdonggou,2011,1,35.217,107.667,1220,,Forest,Managed,Deciduous,550,573.3403931
1775,Wangdonggou,2011,1,35.217,107.667,1220,,Forest,Managed,Deciduous,450,573.3403931
1776,Wangdonggou,2012,1,35.217,107.667,1220,,Forest,Managed,Deciduous,580,601.4209595
1777,Wangdonggou,2012,1,35.217,107.667,1220,,Forest,Managed,Deciduous,440,601.4209595
1778,Wangdonggou,2013,1,35.217,107.667,1220,,Forest,Managed,Deciduous,770,631.8267822
1779,Wangdonggou,2013,1,35.217,107.667,1220,,Forest,Managed,Deciduous,560,631.8267822
1786,Heshan National Field Research Station,2010,2,22.617,112.333,,Subtropical,Forest,Managed,Evergreen,642.72,581.2426453
1787,Heshan National Field Research Station,2010,2,22.617,112.333,,Subtropical,Forest,Managed,Evergreen,546.18,581.2426453
1788,Heshan National Field Research Station,2010,2,22.617,112.333,,Subtropical,Forest,Managed,Evergreen,800.3,581.2426453
1789,Heshan National Field Research Station,2010,2,22.617,112.333,,Subtropical,Forest,Managed,Evergreen,551.93,581.2426453
1796,State Key Agro-Ecological Experimental Station,2012,3,35.2,107.667,1220,,Crops,Managed,Deciduous,693.5,629.5947672
1797,State Key Agro-Ecological Experimental Station,2012,3,35.2,107.667,1220,,Crops,Managed,Deciduous,759.2,629.5947672
1798,State Key Agro-Ecological Experimental Station,2012,3,35.2,107.667,1220,,Crops,Managed,Deciduous,646.05,629.5947672
1803,Yunnan Forest Ecosystem Positioning Research Station,2013,1,23.772,101.268,2180,Subtropical,Forest,Managed,Evergreen,736.73,891.737854
1804,Yunnan Forest Ecosystem Positioning Research Station,2013,1,23.772,101.268,2178,Subtropical,Forest,Managed,Evergreen,1098.19,891.737854
1805,Yunnan Forest Ecosystem Positioning Research Station,2013,1,23.772,101.268,2240,Subtropical,Forest,Managed,Evergreen,882.27,891.737854
1835,Guanzhuang National Forestry Farm,2010,1,26.5,117.72,,Subtropical,Forest,Managed,Evergreen,1140.22,815.8659058
1836,Guanzhuang National Forestry Farm,2010,1,26.5,117.72,,Subtropical,Forest,Managed,Evergreen,1006.97,815.8659058
1837,Guanzhuang National Forestry Farm,2010,1,26.5,117.72,,Subtropical,Forest,Managed,Evergreen,863.81,815.8659058
1838,Guanzhuang National Forestry Farm,2010,1,26.5,117.72,,Subtropical,Forest,Managed,Evergreen,765.08,815.8659058
1844,Luancheng Agroecosystem Experimental Station,2007,1,37.88,114.68,50,Temperate,Crops,Managed,Deciduous,498.6,608.2637329
1845,Luancheng Agroecosystem Experimental Station,2007,1,37.88,114.68,50,Temperate,Crops,Managed,Deciduous,381.9,608.2637329
1846,Luancheng Agroecosystem Experimental Station,2007,1,37.88,114.68,50,Temperate,Crops,Managed,Deciduous,464,608.2637329
1847,Luancheng Agroecosystem Experimental Station,2007,1,37.88,114.68,50,Temperate,Crops,Managed,Deciduous,388,608.2637329
1854,Changwu State Key Agro-Ecological Station,2011,2,35.2,107.667,1200,Temperate,Orchard,Managed,Deciduous,545,584.9006348
1855,Changwu State Key Agro-Ecological Station,2011,2,35.2,107.667,1200,Temperate,Orchard,Managed,Deciduous,453,584.9006348
1856,Changwu State Key Agro-Ecological Station,2012,2,35.2,107.667,1200,Temperate,Orchard,Managed,Deciduous,580,609.6921082
1857,Changwu State Key Agro-Ecological Station,2012,2,35.2,107.667,1200,Temperate,Orchard,Managed,Deciduous,444,609.6921082
1862,,2012,1,36.95,117.97,17.6,Temperate,Crops,Managed,Deciduous,1006.63,723.3807373
1896,Wolong Nature Reserve,2011,1,30.883,102.966,2700,,Forest,Managed,Deciduous,836.34,672.8118286
1897,Wolong Nature Reserve,2011,1,30.883,102.966,2700,,Forest,Managed,Deciduous,594.14,672.8118286
1898,Loess Plateau,2013,1,35.216,107.666,,Temperate,Crops,Managed,Deciduous,579,632.2221069
1899,Loess Plateau,2013,1,35.216,107.666,,Temperate,Crops,Managed,Deciduous,681.18,632.2221069
1900,Loess Plateau,2013,1,35.216,107.666,,Temperate,Crops,Managed,Deciduous,537.38,632.2221069
1902,Loess Plateau,2014,1,35.216,107.666,,Temperate,Crops,Managed,Deciduous,586.57,651.7650146
1903,Loess Plateau,2014,1,35.216,107.666,,Temperate,Crops,Managed,Deciduous,715.24,651.7650146
1904,Loess Plateau,2014,1,35.216,107.666,,Temperate,Crops,Managed,Deciduous,544.95,651.7650146
1905,Loess Plateau,2014,1,35.216,107.666,,Temperate,Crops,Managed,Deciduous,756.87,651.7650146
1906,Tian'e Zhou Wetland Reserve,2010,1,29.8,112.33,,Subtropical,Wetland,,Deciduous,725.64,588.3763428
1907,Tian'e Zhou Wetland Reserve,2010,1,29.8,112.33,,Subtropical,Wetland,,Deciduous,668.56,588.3763428
2026,Tianze Forest Farm,2012,1,30.41,119.86,,Subtropical,Plantation,Managed,Deciduous,803.7328,619.1952515
2033,Saihanba Forestry Center,2011,1,42.5,117.35,1400,Temperate,Forest,Managed,Evergreen,519.48,474.5349731
2034,Saihanba Forestry Center,2011,1,42.5,117.35,1400,Temperate,Forest,Managed,Evergreen,602.04,474.5349731
2035,Saihanba Forestry Center,2011,1,42.5,117.35,1400,Temperate,Forest,Managed,Evergreen,551.08,474.5349731
2036,Saihanba Forestry Center,2011,1,42.5,117.35,1400,Temperate,Forest,Managed,Evergreen,546.12,474.5349731
2037,Saihanba Forestry Center,2012,1,42.5,117.35,1400,Temperate,Forest,Managed,Evergreen,455.76,496.1736755
2038,Saihanba Forestry Center,2012,1,42.5,117.35,1400,Temperate,Forest,Managed,Evergreen,457.35,496.1736755
2039,Saihanba Forestry Center,2012,1,42.5,117.35,1400,Temperate,Forest,Managed,Evergreen,476.45,496.1736755
2040,Saihanba Forestry Center,2012,1,42.5,117.35,1400,Temperate,Forest,Managed,Evergreen,436.48,496.1736755
2135,Linan,2012,1,30.23,119.7,175,Subtropical,Plantation,Managed,Deciduous,459.9,685.5891113
2136,Linan,2012,1,30.23,119.7,175,Subtropical,Plantation,Managed,Deciduous,481.8,685.5891113
2143,Yucheng Comprehensive Experiment Station of China Academy of Science,2010,1,36.833,116.566,20,Temperate,Crops,Managed,Deciduous,925,692.8570557
2144,Yucheng Comprehensive Experiment Station of China Academy of Science,2010,1,36.833,116.566,20,Temperate,Crops,Managed,Deciduous,895,692.8570557
2145,Yucheng Comprehensive Experiment Station of China Academy of Science,2010,1,36.833,116.566,20,Temperate,Crops,Managed,Deciduous,821,692.8570557
2146,Yucheng Comprehensive Experiment Station of China Academy of Science,2010,1,36.833,116.566,20,Temperate,Crops,Managed,Deciduous,841,692.8570557
2147,Yucheng Comprehensive Experiment Station of China Academy of Science,2011,1,36.833,116.566,20,Temperate,Crops,Managed,Deciduous,781,646.9550171
2148,Yucheng Comprehensive Experiment Station of China Academy of Science,2011,1,36.833,116.566,20,Temperate,Crops,Managed,Deciduous,761,646.9550171
2149,Yucheng Comprehensive Experiment Station of China Academy of Science,2011,1,36.833,116.566,20,Temperate,Crops,Managed,Deciduous,709,646.9550171
2150,Yucheng Comprehensive Experiment Station of China Academy of Science,2011,1,36.833,116.566,20,Temperate,Crops,Managed,Deciduous,743,646.9550171
2165,Taihe city,2013,1,26.73,115.05,,Subtropical,Forest,Managed,Evergreen,466,577.8887329
2166,Taihe city,2013,1,26.73,115.05,,Subtropical,Forest,Managed,Evergreen,517,577.8887329
2167,Taihe city,2013,1,26.73,115.05,,Subtropical,Forest,Managed,Evergreen,686,577.8887329
2168,Taihe city,2013,1,26.73,115.05,,Subtropical,Forest,Managed,Evergreen,512,577.8887329
2169,Taihe city,2013,1,26.73,115.05,,Subtropical,Forest,Managed,Evergreen,434,577.8887329
2186,Maoxian Mountain Ecosystem Research Station,2009,1,31.616,103.9,,Temperate,Forest,Managed,Evergreen,697.15,626.921936
2187,Maoxian Mountain Ecosystem Research Station,2009,1,31.616,103.9,,Temperate,Forest,Managed,Evergreen,573.05,626.921936
2188,Maoxian Mountain Ecosystem Research Station,2009,1,31.616,103.9,,Temperate,Forest,Managed,Evergreen,576.7,626.921936
2189,Maoxian Mountain Ecosystem Research Station,2009,1,31.616,103.9,,Temperate,Forest,Managed,Evergreen,448.95,626.921936
2190,Maoxian Mountain Ecosystem Research Station,2010,1,31.616,103.9,,Temperate,Forest,Managed,Evergreen,646.05,622.083374
2191,Maoxian Mountain Ecosystem Research Station,2010,1,31.616,103.9,,Temperate,Forest,Managed,Evergreen,507.35,622.083374
2192,Maoxian Mountain Ecosystem Research Station,2010,1,31.616,103.9,,Temperate,Forest,Managed,Evergreen,514.65,622.083374
2193,Maoxian Mountain Ecosystem Research Station,2010,1,31.616,103.9,,Temperate,Forest,Managed,Evergreen,518.3,622.083374
2194,Maoxian Mountain Ecosystem Research Station,2011,1,31.616,103.9,,Temperate,Forest,Managed,Evergreen,521.95,625.1317139
2195,Maoxian Mountain Ecosystem Research Station,2011,1,31.616,103.9,,Temperate,Forest,Managed,Evergreen,438,625.1317139
2196,Maoxian Mountain Ecosystem Research Station,2011,1,31.616,103.9,,Temperate,Forest,Managed,Evergreen,416.1,625.1317139
2197,Maoxian Mountain Ecosystem Research Station,2011,1,31.616,103.9,,Temperate,Forest,Managed,Evergreen,474.5,625.1317139
2269,,2013,1,23.17,112.5,275,Subtropical,Forest,Unmanaged,Evergreen,1022,749.9456787
2270,,2013,1,23.17,112.5,275,Subtropical,Forest,Unmanaged,Evergreen,821.25,749.9456787
2271,Pingxiang,2011,1,22.17,106.83,500,Subtropical,Forest,Natural,Evergreen,901.55,724.9069214
2272,Pingxiang,2011,1,22.17,106.83,500,Subtropical,Forest,Natural,Evergreen,708.1,724.9069214
2273,Pingxiang,2011,1,22.17,106.83,500,Subtropical,Forest,Natural,Evergreen,751.9,724.9069214
2274,Dinghuashan,2012,1,23.17,112.52,,Subtropical,Forest,Natural,Mixed,1122.66,874.277771
2275,Dinghuashan,2012,1,23.17,112.52,,Subtropical,Forest,Natural,Mixed,1058.4,874.277771
2276,Dinghuashan,2012,1,23.17,112.52,,Subtropical,Forest,Natural,Mixed,1024.38,874.277771
2277,Dinghuashan,2012,1,23.17,112.52,,Subtropical,Forest,Natural,Mixed,948.78,874.277771
2278,Dinghuashan,2013,1,23.17,112.52,,Subtropical,Forest,Natural,Mixed,1028.16,886.4677734
2279,Dinghuashan,2013,1,23.17,112.52,,Subtropical,Forest,Natural,Mixed,956.34,886.4677734
2280,Dinghuashan,2013,1,23.17,112.52,,Subtropical,Forest,Natural,Mixed,880.74,886.4677734
2281,Dinghuashan,2013,1,23.17,112.52,,Subtropical,Forest,Natural,Mixed,691.74,886.4677734
2286,Haibei,2012,1,36.95,100.85,3140,Alpine,Grassland,Managed,Deciduous,552.68,630.9316406
2287,Haibei,2012,1,36.95,100.85,3140,Alpine,Grassland,Managed,Deciduous,432.47,630.9316406
2292,Changwu,2011,1,35.22,107.67,1095,Temperate,Forest,Managed,Deciduous,635,572.605896
2293,Changwu,2012,1,35.22,107.67,1095,Temperate,Forest,Managed,Deciduous,745,601.8235474
2295,Changwu,2009,1,35.22,107.67,1095,Temperate,Forest,Managed,Deciduous,730,604.5012207
2296,Changwu,2010,1,35.22,107.67,1095,Temperate,Forest,Managed,Deciduous,766,616.4318237
2297,Changwu,2011,1,35.22,107.67,1095,Temperate,Forest,Managed,Deciduous,529,572.605896
2298,Changwu,2012,1,35.22,107.67,1095,Temperate,Forest,Managed,Deciduous,675,601.8235474
2299,Changwu,2013,1,35.22,107.67,1095,Temperate,Forest,Managed,Deciduous,843,630.6160889
2305,IMGERS,2012,3,44,116.5,,Temperate,Grassland,Managed,Deciduous,623.7,447.1668091
2318,None,2014,1,34.51,110.98,,Temperate,Crops,Managed,Deciduous,598.39,485.693512
2322,NTS,2014,1,34.51,110.98,,Temperate,Crops,Managed,Deciduous,656,485.693512
2349,Taihang Mountain,2012,1,37.878,114.263,593.5,,Plantation,Managed,Evergreen,623.7,983.5330811
2350,Taihang Mountain,2012,1,37.878,114.263,593.5,,Forest,Managed,Evergreen,619.92,983.5330811
2351,Taihang Mountain,2012,1,37.878,114.263,593.5,,Plantation,Managed,Evergreen,557.55,983.5330811
2352,Taihang Mountain,2012,1,37.878,114.263,593.5,,Plantation,Managed,Deciduous,585.9,983.5330811
2353,Taihang Mountain,2012,1,37.878,114.263,593.5,,Grassland,Managed,Deciduous,495.18,983.5330811
2354,Taihang Mountain,2012,1,37.878,114.263,593.5,,Crops,Managed,Deciduous,910.98,983.5330811
2372,Permafrost,2016,1,35.74,103.97,3524,Boreal,Grassland,,Deciduous,792,570.6029663
2377,Yangling,2013,2,34.35,108.17,,Temperate,Crops,Managed,Deciduous,733.65,674.6714172
2378,Yangling,2013,2,34.35,108.17,,Temperate,Crops,Managed,Deciduous,919.8,674.6714172
2409,Qianyanzhou Ecological Station,2013,1,26.744,115.059,,Subtropical,Plantation,Managed,Evergreen,468.5724,585.6942749
2410,Qianyanzhou Ecological Station,2013,1,26.744,115.059,,Subtropical,Plantation,Managed,Evergreen,424.5096,585.6942749
2411,Qianyanzhou Ecological Station,2013,1,26.744,115.059,,Subtropical,Plantation,Managed,Evergreen,638.3412,585.6942749
2412,Qianyanzhou Ecological Station,2013,1,26.744,115.059,,Subtropical,Plantation,Managed,Evergreen,383.6004,585.6942749
2413,Qianyanzhou Ecological Station,2013,1,26.744,115.059,,Subtropical,Plantation,Managed,Evergreen,430.8168,585.6942749
2442,Yanting,2010,1,31.27,105.48,500,Subtropical,Crops,Managed,Deciduous,458.8,578.5709229
2443,Yanting,2011,1,31.27,105.48,500,Subtropical,Crops,Managed,Deciduous,466.8,593.024292
2444,Huitong Experimental Station of Forest Ecology,2013,1,26.92,109.98,700,Subtropical,Crops,Managed,Evergreen,711.45,744.0714111
2445,Huitong Experimental Station of Forest Ecology,2013,1,26.92,109.98,700,Subtropical,Crops,Managed,Evergreen,673.61,744.0714111
2456,Taiyuan,2012,1,36.07,112.1,1690,Temperate,Forest,Unmanaged,Evergreen,408.8,707.7360229
2457,Taiyuan,2012,1,36.07,112.1,1653,Temperate,Forest,Unmanaged,Evergreen,689.85,707.7360229
2458,Taiyuan,2012,1,36.07,112.1,1710,Temperate,Forest,Unmanaged,Evergreen,569.4,707.7360229
2459,Luancheng,2011,4,37.88,114.7,50,Temperate,Crops,Managed,Deciduous,445.3,605.4097595
2460,Luancheng,2011,4,37.88,114.7,50,Temperate,Crops,Managed,Deciduous,474.5,605.4097595
2461,Luancheng,2011,4,37.88,114.7,50,Temperate,Crops,Managed,Deciduous,507.35,605.4097595
2462,Luancheng,2011,4,37.88,114.7,50,Temperate,Crops,Managed,Deciduous,569.4,605.4097595
2477,"Forest Ecological Research Station, Baotianman Natural Reserve",2014,1,31.965,111.925,1400,Temperate,Forest,,Deciduous,497,529.8153076
2478,"Forest Ecological Research Station, Baotianman Natural Reserve",2014,1,31.965,111.925,1400,Temperate,Forest,Managed,Deciduous,567,529.8153076
2479,"Forest Ecological Research Station, Baotianman Natural Reserve",2015,1,31.965,111.925,1400,Temperate,Forest,,Deciduous,603,600.7714233
2480,"Forest Ecological Research Station, Baotianman Natural Reserve",2015,1,31.965,111.925,1400,Temperate,Forest,Managed,Deciduous,576,600.7714233
2484,,2005,4,26.73,115.05,92,Subtropical,Forest,Unmanaged,Evergreen,789.1,597.8996582
2485,,2005,4,26.73,115.05,114,Subtropical,Forest,Unmanaged,Evergreen,789.1,597.8996582
2486,,2005,4,26.73,115.05,109,Subtropical,Forest,Unmanaged,Evergreen,789.1,597.8996582
2487,Gansu Agricultural University,2011,1,37.96,102.64,1506,Temperate,Crops,Managed,Deciduous,355.32,486.0761414
2488,Gansu Agricultural University,2011,1,37.96,102.64,1506,Temperate,Crops,Managed,Deciduous,283.5,486.0761414
2489,Gansu Agricultural University,2011,1,37.96,102.64,1506,Temperate,Crops,Managed,Deciduous,294.84,486.0761414
2490,Gansu Agricultural University,2011,1,37.96,102.64,1506,Temperate,Crops,Managed,Deciduous,355.32,486.0761414
2491,Gansu Agricultural University,2011,1,37.96,102.64,1506,Temperate,Crops,Managed,Deciduous,321.3,486.0761414
2492,Gansu Agricultural University,2011,1,37.96,102.64,1506,Temperate,Crops,Managed,Deciduous,287.28,486.0761414
2493,Gansu Agricultural University,2011,1,37.96,102.64,1506,Temperate,Crops,Managed,Deciduous,309.96,486.0761414
2494,Gansu Agricultural University,2011,1,37.96,102.64,1506,Temperate,Crops,Managed,Deciduous,328.86,486.0761414
2495,Gansu Agricultural University,2012,1,37.96,102.64,1506,Temperate,Crops,Managed,Deciduous,355.32,498.4810486
2496,Gansu Agricultural University,2012,1,37.96,102.64,1506,Temperate,Crops,Managed,Deciduous,291.06,498.4810486
2497,Gansu Agricultural University,2012,1,37.96,102.64,1506,Temperate,Crops,Managed,Deciduous,328.86,498.4810486
2498,Gansu Agricultural University,2012,1,37.96,102.64,1506,Temperate,Crops,Managed,Deciduous,351.54,498.4810486
2499,Gansu Agricultural University,2012,1,37.96,102.64,1506,Temperate,Crops,Managed,Deciduous,616.14,498.4810486
2500,Gansu Agricultural University,2012,1,37.96,102.64,1506,Temperate,Crops,Managed,Deciduous,506.52,498.4810486
2501,Gansu Agricultural University,2012,1,37.96,102.64,1506,Temperate,Crops,Managed,Deciduous,589.68,498.4810486
2502,Gansu Agricultural University,2012,1,37.96,102.64,1506,Temperate,Crops,Managed,Deciduous,623.7,498.4810486
2507,Nantou County,2012,1,23.68,120.8,1120,Subtropical,Forest,Unmanaged,Evergreen,1121,1052.791504
2508,Nantou County,2013,1,23.68,120.8,1120,Subtropical,Forest,Unmanaged,Evergreen,1129,1032.541626
2509,Nantou County,2014,1,23.68,120.8,1120,Subtropical,Forest,Unmanaged,Evergreen,1200,1009.656738
2510,Nantou County,2015,1,23.68,120.8,1120,Subtropical,Forest,Unmanaged,Evergreen,1115,1465.072632
2511,Naban River Watershed National Nature Reserve,2015,1,22.2,100.63,700,Tropical,Plantation,Managed,Evergreen,480.06,771.6856079
2514,Naban River Watershed National Nature Reserve,2015,1,22.2,100.63,700,Tropical,Forest,Natural,Evergreen,604.8,771.6856079
2523,Jianfengling,2013,1,18.6,108.9,870,Tropical,Forest,Managed,Evergreen,1567,1291.113525
2524,Jianfengling,2013,1,18.6,108.9,880,Tropical,Forest,Managed,Evergreen,1300,1291.113525
2527,Haibei,2010,1,37.6,101.3,3198,Alpine,Grassland,Managed,Deciduous,734.4,566.3224487
2528,Haibei,2010,1,37.6,101.3,3198,Alpine,Grassland,Managed,Deciduous,745.9,566.3224487
2553,Forest Ecosystem and Global Change Research Station,2013,1,26.156,117.467,300,Subtropical,Forest,Managed,Evergreen,1046,843.012146
2556,Forest Ecosystem and Global Change Research Station,2014,1,26.156,117.467,300,Subtropical,Forest,Managed,Evergreen,964.8,743.8592529
2557,Forest Ecosystem and Global Change Research Station,2015,1,26.156,117.467,300,Subtropical,Forest,Managed,Evergreen,1285.7,949.1911011
2559,Forest Ecosystem and Global Change Research Station,2015,1,26.156,117.467,300,Subtropical,Forest,Managed,Evergreen,1102.3,949.1911011
2562,Forest Ecosystem and Global Change Research Station,2013,1,26.156,117.467,300,Subtropical,Plantation,Managed,Evergreen,844,843.012146
2565,Forest Ecosystem and Global Change Research Station,2014,1,26.156,117.467,300,Subtropical,Plantation,Managed,Evergreen,862,743.8592529
2568,Forest Ecosystem and Global Change Research Station,2015,1,26.156,117.467,300,Subtropical,Plantation,Managed,Evergreen,940,949.1911011
2599,Qianyanzhou Ecological Research Station,2007,12,26.74,115.05,102,Subtropical,Forest,Unmanaged,Evergreen,773.1,616.2655921
2600,Hailun National Agro-ecological Experimental Station,2011,1,47.43,126.62,,Temperate,Crops,Managed,Deciduous,318,501.0701904
2601,Hailun National Agro-ecological Experimental Station,2012,1,47.43,126.62,,Temperate,Crops,Managed,Deciduous,367,502.1935425
2603,Hailun National Agro-ecological Experimental Station,2011,1,47.43,126.62,,Temperate,Crops,Managed,Deciduous,390,501.0701904
2604,Hailun National Agro-ecological Experimental Station,2012,1,47.43,126.62,,Temperate,Crops,Managed,Deciduous,405,502.1935425
2605,Hailun National Agro-ecological Experimental Station,2013,1,47.43,126.62,,Temperate,Crops,Managed,Deciduous,494,510.9601135
2623,Miyun Reservoir,2012,1,40.5,116.833,,Temperate,Wetland,Unmanaged,Deciduous,537.75,880.6095581
2628,Hailun,2011,1,47.43,126.62,,Temperate,Crops,Managed,Deciduous,313,501.0701904
2629,Hailun,2011,1,47.43,126.62,,Temperate,Crops,Managed,Deciduous,421.2,501.0701904
2630,Hailun,2011,1,47.43,126.62,,Temperate,Crops,Managed,Deciduous,370,501.0701904
2631,Hailun,2011,1,47.43,126.62,,Temperate,Crops,Managed,Deciduous,389,501.0701904
2632,Hailun,2011,1,47.43,126.62,,Temperate,Crops,Managed,Deciduous,367.5,501.0701904
2633,Hailun,2011,1,47.43,126.62,,Temperate,Crops,Managed,Deciduous,327,501.0701904
2640,Hongya,2013,1,29.53,103.25,1600,Subtropical,Forest,Natural,Evergreen,553.5,825.6057739
2641,Hongya,2013,1,29.53,103.25,1600,Subtropical,Forest,Natural,Evergreen,520.4,825.6057739
2650,Heshan National Field Research Station of Forest Ecosystem,2012,1,22.683,112.9,,Subtropical,Shrubland,Managed,Deciduous,727,604.9053345
2651,Heshan National Field Research Station of Forest Ecosystem,2012,1,22.683,112.9,,Subtropical,Plantation,Managed,Evergreen,666,604.9053345
2665, Xiao County,2013,1,34.3,116.88,265,Temperate,Crops,Managed,Deciduous,371.1,698.5288086
2666, Xiao County,2013,1,34.3,116.88,265,Temperate,Crops,Managed,Deciduous,524.5,698.5288086
2667, Xiao County,2013,1,34.3,116.88,265,Temperate,Crops,Managed,Deciduous,378.6,698.5288086
2668, Xiao County,2013,1,34.3,116.88,265,Temperate,Crops,Managed,Deciduous,459.2,698.5288086
2669, Xiao County,2013,1,34.3,116.88,265,Temperate,Crops,Managed,Deciduous,432.4,698.5288086
2699,Xishuangbanna prefecture,2013,1,21.907,101.27,596,Temperate,Plantation,Managed,Deciduous,675,582.0150146
2700,Xishuangbanna prefecture,2013,1,21.907,101.27,611,Temperate,Plantation,Managed,Deciduous,598,582.0150146
2701,Xishuangbanna prefecture,2013,1,21.943,101.243,585,Temperate,Plantation,Managed,Deciduous,509,643.6483154
2737,Young,2010,1,29.2,118.2,375,Subtropical,Forest,Unmanaged,Evergreen,623.7,585.5836182
2738,Medium,2010,1,29.2,118.2,471,Subtropical,Forest,Unmanaged,Evergreen,502.74,585.5836182
2739,Old,2010,1,29.2,118.2,558,Subtropical,Forest,Unmanaged,Evergreen,548.1,585.5836182
2755,,2014,1,26.67,109.43,,Temperate,Forest,Unmanaged,Evergreen,576.7,627.9273071
2756,,2014,1,26.67,109.43,,Temperate,Forest,Unmanaged,Evergreen,448.95,627.9273071
2757,,2014,1,26.67,109.43,,Temperate,Forest,Unmanaged,Evergreen,459.9,627.9273071
2758,,2014,1,26.67,109.43,,Temperate,Forest,Unmanaged,Evergreen,467.2,627.9273071
2759,,2015,1,26.67,109.43,,Temperate,Forest,Unmanaged,Evergreen,664.3,617.9544678
2760,,2015,1,26.67,109.43,,Temperate,Forest,Unmanaged,Evergreen,529.25,617.9544678
2761,,2015,1,26.67,109.43,,Temperate,Forest,Unmanaged,Evergreen,551.15,617.9544678
2762,,2015,1,26.67,109.43,,Temperate,Forest,Unmanaged,Evergreen,540.2,617.9544678
2765,Taoyuan agroecological experimental station,2003,1,28.91,111.45,,Subtropical,Crops,Managed,Deciduous,705,590.1619873
2766,Taoyuan agroecological experimental station,2004,1,28.91,111.45,,Subtropical,Crops,Managed,Deciduous,730,548.322876
2767,Taoyuan agroecological experimental station,2005,1,28.91,111.45,,Subtropical,Crops,Managed,Deciduous,538,597.2072754
2768,Taoyuan agroecological experimental station,2006,1,28.91,111.45,,Subtropical,Crops,Managed,Deciduous,542,603.3997803
2769,Taoyuan agroecological experimental station,2007,1,28.91,111.45,,Subtropical,Crops,Managed,Deciduous,498,637.1286011
2770,Taoyuan agroecological experimental station,2008,1,28.91,111.45,,Subtropical,Crops,Managed,Deciduous,531,627.0045776
2771,Taoyuan agroecological experimental station,2009,1,28.91,111.45,,Subtropical,Crops,Managed,Deciduous,637,643.5338135
2772,Taoyuan agroecological experimental station,2010,1,28.91,111.45,,Subtropical,Crops,Managed,Deciduous,556,624.3475952
2776,Tianlong Mountain natural reserves area,2007,4,37.73,112.37,1354,Temperate,Shrubland,Unmanaged,Deciduous,1016.82,781.5458832
2787,Yucheng Comprehensive Experiment Station,2014,1,36.83,116.57,,Temperate,Crops,Managed,Deciduous,670.04,700.7560425
2788,Yucheng Comprehensive Experiment Station,2014,1,36.83,116.57,,Temperate,Crops,Managed,Deciduous,607.45,700.7560425
2789,Yucheng Comprehensive Experiment Station,2014,1,36.83,116.57,,Temperate,Crops,Managed,Deciduous,637.09,700.7560425
2790,Yucheng Comprehensive Experiment Station,2014,1,36.83,116.57,,Temperate,Crops,Managed,Deciduous,565.15,700.7560425
2791,Changwu State Key Agro-ecological Experimental Station,2011,5,35.2,107.68,1220,Temperate,Crops,Managed,Deciduous,330,632.4785645
2792,Changwu State Key Agro-ecological Experimental Station,2011,5,35.2,107.68,1220,Temperate,Crops,Managed,Deciduous,400,632.4785645
2793,Changwu State Key Agro-ecological Experimental Station,2011,5,35.2,107.68,1220,Temperate,Crops,Managed,Deciduous,423,632.4785645
2794,Changwu State Key Agro-ecological Experimental Station,2011,5,35.2,107.68,1220,Temperate,Crops,Managed,Deciduous,470,632.4785645
2795,Changwu State Key Agro-ecological Experimental Station,2011,5,35.2,107.68,1220,Temperate,Crops,Managed,Deciduous,450,632.4785645
2797,Lin’an City,2010,1,29.93,118.85,,Subtropical,Plantation,Unmanaged,Evergreen,1096.36,798.5457764
2817,Changwu,2011,1,35.21,107.67,1220,Temperate,Crops,Managed,Deciduous,374.22,576.5791626
2818,Changwu,2011,1,35.21,107.67,1220,Temperate,Crops,Managed,Deciduous,438.48,576.5791626
2819,Changwu,2011,1,35.21,107.67,1220,Temperate,Crops,Managed,Deciduous,563.22,576.5791626
2820,Changwu,2012,1,35.21,107.67,1220,Temperate,Crops,Managed,Deciduous,430.92,594.4589233
2821,Changwu,2012,1,35.21,107.67,1220,Temperate,Crops,Managed,Deciduous,434.7,594.4589233
2822,Changwu,2012,1,35.21,107.67,1220,Temperate,Crops,Managed,Deciduous,642.6,594.4589233
2823,Changwu,2013,1,35.21,107.67,1220,Temperate,Crops,Managed,Deciduous,461.16,629.3591309
2824,Changwu,2013,1,35.21,107.67,1220,Temperate,Crops,Managed,Deciduous,559.44,629.3591309
2825,Changwu,2013,1,35.21,107.67,1220,Temperate,Crops,Managed,Deciduous,638.82,629.3591309
2826,Changwu,2014,1,35.21,107.67,1220,Temperate,Crops,Managed,Deciduous,464.94,654.5240479
2827,Changwu,2014,1,35.21,107.67,1220,Temperate,Crops,Managed,Deciduous,612.36,654.5240479
2828,Changwu,2014,1,35.21,107.67,1220,Temperate,Crops,Managed,Deciduous,434.7,654.5240479
2829,,2013,2,23.2,112.2,600,Temperate,Forest,Unmanaged,Evergreen,709.128,591.8930054
2844,Yanchi,2013,1,37.7,107.22,1530,,Desert,Unmanaged,Deciduous,259,216.6100006
2845,Yanchi,2013,1,37.7,107.22,1530,,Desert,Unmanaged,Deciduous,258,216.6100006
2846,Yanchi,2013,1,37.7,107.22,1530,,Desert,Unmanaged,Deciduous,251,216.6100006
2847,Yanchi,2013,1,37.7,107.22,1530,,Desert,Unmanaged,Deciduous,169,216.6100006
2858,Dinghushan Biosphere Reserve,2011,1,23.15,112.5,,Subtropical,Forest,Unmanaged,Evergreen,978.2,833.0765381
2860,Dinghushan Biosphere Reserve,2011,1,23.15,112.5,,Subtropical,Forest,Unmanaged,Evergreen,1003.75,833.0765381
2862,Dinghushan Biosphere Reserve,2011,1,23.15,112.5,,Subtropical,Forest,Unmanaged,Evergreen,1164.35,833.0765381
2864,Chenda Experimental Station,2011,1,26.2,117.6,,Subtropical,Forest,Managed,Evergreen,837,723.2566528
2865,Chenda Experimental Station,2011,1,26.2,117.6,,Subtropical,Forest,Managed,Evergreen,907,723.2566528
2871,Nanjing Agricultural University Experimental Station,2011,1,32,118.05,6,Subtropical,Grassland,Unmanaged,Deciduous,540,471.1687317
2878,Wuyi National Nature Reserve,2008,1,27.7,117.45,960,Subtropical,Forest,Unmanaged,Evergreen,753.8,577.9021606
2897,,2013,1,45.1,120.3,656,Temperate,Grassland,Unmanaged,Deciduous,733,563.8775024
2901,,2012,1,43.6,116.7,1268,Temperate,Grassland,Unmanaged,Deciduous,671,536.5881348
2902,,2012,1,43.6,116.7,1268,Temperate,Grassland,Unmanaged,Deciduous,561,536.5881348
2904,,2013,1,43.6,116.7,1268,Temperate,Grassland,Unmanaged,Deciduous,546,567.1367798
2905,,2014,1,43.6,116.7,1268,Temperate,Grassland,Unmanaged,Deciduous,563,408.0823364
2906,,2014,1,43.6,116.7,1268,Temperate,Grassland,Unmanaged,Deciduous,425,408.0823364
2926,Huitong National Research Station,2012,1,26.85,106.8,,Subtropical,Forest,Unmanaged,Evergreen,567,654.8470459
2927,Huitong National Research Station,2012,1,26.85,106.8,,Subtropical,Forest,Unmanaged,Evergreen,510.3,654.8470459
